meeting_id,race_number,pick_type,horse_name,saddlecloth,tip_rank,bet_type,bet_stake,exotic_type,exotic_stake,odds_at_tip,place_odds_at_tip,win_probability,place_probability,value_rating,hit,pnl,settled,is_puntys_pick,sequence_type,sequence_variant,sequence_legs,sequence_start_race,finish_position,win_dividend,place_dividend,current_odds,results_status,exotic_runners
ascot-2026-02-28,,big3_multi,,,,,,,10.0,,,,,,0,-10.0,1,0,,,,,,,,,,
ascot-2026-02-28,,sequence,,,,,,,50.0,,,,,,0,-50.0,1,0,quaddie,smart,"[[3, 4, 9], [3, 2, 1], [10, 4, 12, 8], [5, 3, 8]]",3,,,,,,
ascot-2026-02-28,,sequence,,,,,,,50.0,,,,,,0,-50.0,1,0,quaddie,smart,"[[7, 5, 3, 15], [9, 8, 3], [5, 4, 9], [5, 11, 3, 4]]",7,,,,,,
ascot-2026-02-28,,sequence,,,,,,,27.0,,,,,,0,-27.0,1,0,big6,smart,"[[10, 4], [5, 3], [8, 7, 3, 5], [9, 8], [5, 4], [5, 11]]",5,,,,,,
ascot-2026-02-28,1,exotic,,,,,,"First4 Box",15.0,,,,,,0,-15.0,1,0,,,,,,,,,Paying,"[1, 7, 3, 2]"
ascot-2026-02-28,1,big3,"Stern Empire",7,1,,,,,7.2,,,,,0,0.0,1,0,,,,,,8.2,1.9,7.8,Paying,
ascot-2026-02-28,1,selection,"Capall Gasta",1,1,no_bet,0.0,,,50.0,17.33,0.203,0.0431,11.79,0,0.0,1,0,,,,,,171.9,30.5,190.0,Paying,
ascot-2026-02-28,1,selection,"Stern Empire",7,2,win,15.0,,,7.2,3.07,0.2,0.95,1.68,0,-15.0,1,0,,,,,,8.2,1.9,7.8,Paying,
ascot-2026-02-28,1,selection,Afireofgidgeecoals,3,3,no_bet,0.0,,,3.2,1.73,0.515,0.5147,0.82,0,0.0,1,0,,,,,,4.7,1.7,4.8,Paying,
ascot-2026-02-28,1,selection,Firearm,2,4,no_bet,0.0,,,18.0,6.67,0.1224,0.0914,2.565,0,0.0,1,0,,,,,3,30.2,4.1,40.0,Paying,
ascot-2026-02-28,2,exotic,,,,,,Exacta,15.0,,,,,,0,-15.0,1,0,,,,,,,,,Paying,"[2, 5]"
ascot-2026-02-28,2,selection,"Fancy Red",2,1,no_bet,0.0,,,2.04,1.35,0.425,0.8745,1.0,1,0.0,1,0,,,,,1,1.9,1.04,1.74,Paying,
ascot-2026-02-28,2,selection,Asif,4,2,place,15.0,,,2.74,1.58,0.718,0.7181,0.88,1,1.5,1,1,,,,,2,2.5,1.1,3.15,Paying,
ascot-2026-02-28,2,selection,"Royal Law",3,3,no_bet,0.0,,,12.5,4.83,0.232,0.2318,0.87,0,0.0,1,0,,,,,4,26.7,4.5,13.0,Paying,
ascot-2026-02-28,2,selection,"Stylish Lord",5,4,no_bet,0.0,,,8.2,3.4,0.138,0.4648,1.31,0,0.0,1,0,,,,,3,8.8,1.8,5.7,Paying,
ascot-2026-02-28,3,exotic,,,,,,"Trifecta Box",15.0,,,,,,0,-15.0,1,0,,,,,,,,,Paying,"[3, 4, 9, 2]"
ascot-2026-02-28,3,selection,"Snow God",3,1,place,15.0,,,1.89,1.3,0.746,0.7464,0.79,0,-15.0,1,1,,,,,,1.8,1.2,1.89,Paying,
ascot-2026-02-28,3,selection,"Excess Baggage",9,2,no_bet,0.0,,,5.0,2.33,0.134,0.3097,1.01,0,0.0,1,0,,,,,2,6.4,1.6,7.6,Paying,
ascot-2026-02-28,3,selection,Masamune,2,3,no_bet,0.0,,,13.5,5.17,0.28,0.2797,1.17,0,0.0,1,0,,,,,,12.8,2.3,15.0,Paying,
ascot-2026-02-28,3,selection,"Earth God",4,4,no_bet,0.0,,,8.6,3.53,0.1862,0.429,1.848,0,0.0,1,0,,,,,3,6.1,1.9,7.0,Paying,
ascot-2026-02-28,4,exotic,,,,,,"Exacta Standout",15.0,,,,,,0,-15.0,1,0,,,,,,,,,Paying,"[3, 2, 1, 5]"
ascot-2026-02-28,4,selection,"Wonderfully Made",2,1,no_bet,0.0,,,1.65,1.22,0.266,0.6516,0.54,1,0.0,1,0,,,,,1,1.7,1.4,1.62,Paying,
ascot-2026-02-28,4,big3,"Nature's Reckoning",3,2,,,,,9.5,,,,,0,0.0,1,0,,,,,4,16.8,4.9,9.5,Paying,
ascot-2026-02-28,4,selection,"Monte Tremezzo",1,2,place,15.0,,,9.4,3.8,0.415,0.4151,1.52,0,-15.0,1,1,,,,,5,13.5,3.0,16.0,Paying,
ascot-2026-02-28,4,selection,Masmelo,5,3,no_bet,0.0,,,5.3,2.43,0.329,0.3293,0.77,0,0.0,1,0,,,,,2,3.4,1.7,4.9,Paying,
ascot-2026-02-28,4,selection,"Nature's Reckoning",3,4,no_bet,0.0,,,9.5,3.83,0.3891,0.3276,4.532,0,0.0,1,0,,,,,4,16.8,4.9,9.5,Paying,
ascot-2026-02-28,5,exotic,,,,,,Quinella,15.0,,,,,,0,-15.0,1,0,,,,,,,,,Paying,"[12, 10]"
ascot-2026-02-28,5,selection,"Southern Firetail",12,1,no_bet,0.0,,,3.25,1.75,0.205,0.4377,0.84,0,0.0,1,0,,,,,12,3.6,1.6,3.4,Paying,
ascot-2026-02-28,5,selection,"Classic Impact",8,2,place,15.0,,,3.5,1.83,0.454,0.4535,0.8,1,9.0,1,1,,,,,1,3.8,1.6,4.3,Paying,
ascot-2026-02-28,5,selection,"Manzor Magic",4,3,no_bet,0.0,,,14.5,5.5,0.196,0.1964,1.04,0,0.0,1,0,,,,,2,29.9,6.7,34.0,Paying,
ascot-2026-02-28,5,selection,Pressurised,10,4,no_bet,0.0,,,15.0,5.67,0.1291,0.1443,2.457,0,0.0,1,0,,,,,11,18.5,4.1,16.5,Paying,
ascot-2026-02-28,6,exotic,,,,,,"Trifecta Standout",15.0,,,,,,0,-15.0,1,0,,,,,,,,,Paying,"[4, 5, 3]"
ascot-2026-02-28,6,selection,"Amaroo Star",4,1,no_bet,0.0,,,2.76,1.59,0.237,0.5986,0.9,0,0.0,1,0,,,,,6,2.5,1.2,2.1,Paying,
ascot-2026-02-28,6,selection,Santanova,5,2,place,15.0,,,4.8,2.27,0.502,0.5021,1.12,1,9.0,1,0,,,,,1,5.9,1.6,4.6,Paying,
ascot-2026-02-28,6,selection,"Haida Gwaii",3,3,no_bet,0.0,,,4.2,2.07,0.559,0.5591,1.14,0,0.0,1,1,,,,,2,3.5,1.3,4.8,Paying,
ascot-2026-02-28,6,selection,"Sunny Honey",8,4,no_bet,0.0,,,16.0,6.0,0.0784,0.2054,1.732,0,0.0,1,0,,,,,4,21.2,3.5,34.0,Paying,
ascot-2026-02-28,7,exotic,,,,,,"Exacta Standout",15.0,,,,,,0,-15.0,1,0,,,,,,,,,Paying,"[3, 8, 7, 5]"
ascot-2026-02-28,7,selection,"Magical Sequence",3,1,no_bet,0.0,,,2.3,1.43,0.304,0.6763,0.92,1,0.0,1,0,,,,,1,1.7,1.2,1.9,Paying,
ascot-2026-02-28,7,selection,"Later Alligator",8,2,place,15.0,,,7.4,3.13,0.392,0.392,1.1,1,18.0,1,1,,,,,3,7.5,2.2,5.0,Paying,
ascot-2026-02-28,7,selection,"Spank Appeal",7,3,no_bet,0.0,,,21.0,7.67,0.178,0.1782,1.23,0,0.0,1,0,,,,,,39.4,11.4,29.0,Paying,
ascot-2026-02-28,7,selection,"Bird's The Word",5,4,no_bet,0.0,,,15.0,5.67,0.0842,0.2569,1.015,0,0.0,1,0,,,,,,9.8,3.1,15.0,Paying,
ascot-2026-02-28,8,exotic,,,,,,Quinella,15.0,,,,,,0,-15.0,1,0,,,,,,,,,Paying,"[9, 8]"
ascot-2026-02-28,8,selection,Malagarasi,9,1,no_bet,0.0,,,32.0,11.33,0.13,0.1297,1.28,0,0.0,1,0,,,,,11,69.7,13.7,260.0,Paying,
ascot-2026-02-28,8,selection,Dominatus,3,2,place,15.0,,,2.2,1.4,0.73,0.7299,0.89,0,-15.0,1,0,,,,,5,2.4,1.3,2.62,Paying,
ascot-2026-02-28,8,selection,"Pure Mac",8,3,no_bet,0.0,,,38.0,13.33,0.124,0.1238,1.44,0,0.0,1,0,,,,,3,115.7,18.2,250.0,Paying,
ascot-2026-02-28,8,selection,"The Crimson Pirate",2,4,no_bet,0.0,,,5.0,2.33,0.0917,0.7256,0.587,1,0.0,1,0,,,,,1,4.2,1.5,4.3,Paying,
ascot-2026-02-28,9,exotic,,,,,,"Exacta Standout",15.0,,,,,,0,-15.0,1,0,,,,,,,,,Paying,"[5, 7, 4, 9]"
ascot-2026-02-28,9,selection,"Hey Pino",5,1,win,15.0,,,7.6,3.2,0.262,0.4628,2.44,0,-15.0,1,0,,,,,,4.7,1.8,8.6,Paying,
ascot-2026-02-28,9,selection,"Hubble's Dragon",7,2,no_bet,0.0,,,2.0,1.33,0.497,0.4973,0.52,0,0.0,1,1,,,,,,2.3,1.4,2.0,Paying,
ascot-2026-02-28,9,big3,"Hey Pino",5,3,,,,,7.6,,,,,0,0.0,1,0,,,,,,4.7,1.8,8.6,Paying,
ascot-2026-02-28,9,selection,Macciateau,9,3,no_bet,0.0,,,15.0,5.67,0.237,0.2368,0.73,0,0.0,1,0,,,,,,10.7,2.6,8.6,Paying,
ascot-2026-02-28,9,selection,"Noble Connection",4,4,no_bet,0.0,,,19.0,7.0,0.0787,0.2639,1.832,0,0.0,1,0,,,,,,24.5,6.1,13.0,Paying,
ascot-2026-02-28,10,exotic,,,,,,"Trifecta Box",15.0,,,,,,0,-15.0,1,0,,,,,,,,,Paying,"[5, 11, 3, 4]"
ascot-2026-02-28,10,selection,"Rock 'n' The Jam",5,1,no_bet,0.0,,,4.6,2.2,0.216,0.3253,1.27,0,0.0,1,0,,,,,4,3.9,1.7,4.6,Paying,
ascot-2026-02-28,10,selection,"King Adviso",3,2,place,15.0,,,5.8,2.6,0.427,0.4274,0.91,1,25.5,1,1,,,,,2,8.8,2.7,9.6,Paying,
ascot-2026-02-28,10,selection,"Snippy Which",4,3,no_bet,0.0,,,7.0,3.0,0.388,0.3878,0.96,0,0.0,1,0,,,,,,7.1,1.9,7.2,Paying,
ascot-2026-02-28,10,selection,"Urquharts Bluff",11,4,no_bet,0.0,,,8.0,3.33,0.1671,0.5368,1.708,0,0.0,1,0,,,,,3,6.5,2.2,8.6,Paying,
eagle-farm-2026-02-28,,big3_multi,,,,,,,10.0,,,,,,0,-10.0,1,0,,,,,,,,,,
eagle-farm-2026-02-28,,sequence,,,,,,,48.0,,,,,,0,-48.0,1,0,quaddie,smart,"[[1, 2], [1, 2, 9], [3, 8], [10, 4, 6, 7]]",3,,,,,,
eagle-farm-2026-02-28,,sequence,,,,,,,54.0,,,,,,0,-54.0,1,0,quaddie,smart,"[[11, 13, 1], [1, 7, 3, 13], [3, 5, 1, 2, 9], [2, 5, 9]]",7,,,,,,
eagle-farm-2026-02-28,,sequence,,,,,,,48.6,,,,,,0,-48.6,1,0,big6,smart,"[[3], [10, 4, 6], [11, 13, 1], [1, 7, 3], [3, 5, 1], [2, 5]]",5,,,,,,
eagle-farm-2026-02-28,1,exotic,,,,,,First4,15.0,,,,,,0,-15.0,1,0,,,,,,,,,Paying,"[4, 3, 7, 5, 8]"
eagle-farm-2026-02-28,1,selection,"Seymour Stars",4,1,win,14.5,,,3.8,1.93,0.267,0.4524,1.34,0,-14.5,1,0,,,,,7,3.5,2.0,6.2,Paying,
eagle-farm-2026-02-28,1,selection,"Galactic Star",7,2,place,5.5,,,4.7,2.23,0.437,0.4374,1.26,1,12.1,1,1,,,,,1,5.9,3.2,1.87,Paying,
eagle-farm-2026-02-28,1,selection,Cabaletto,3,3,no_bet,0.0,,,3.55,1.85,0.397,0.3968,0.95,0,0.0,1,0,,,,,3,3.1,2.1,3.05,Paying,
eagle-farm-2026-02-28,1,selection,Loken,8,4,no_bet,0.0,,,15.0,5.67,0.1109,0.1394,2.124,0,0.0,1,0,,,,,5,17.8,4.3,14.0,Paying,
eagle-farm-2026-02-28,2,exotic,,,,,,Quinella,15.0,,,,,,0,-15.0,1,0,,,,,,,,,Paying,"[8, 15]"
eagle-farm-2026-02-28,2,selection,"Lovey Dovey",8,1,win,18.0,,,6.6,2.87,0.235,0.5586,1.85,0,-18.0,1,0,,,,,2,7.0,1.9,9.2,Paying,
eagle-farm-2026-02-28,2,selection,"Akkadian Emperor",1,2,place,7.0,,,3.0,1.67,0.471,0.4711,0.79,1,9.1,1,1,,,,,1,4.4,2.3,3.5,Paying,
eagle-farm-2026-02-28,2,big3,"Lovey Dovey",8,3,,,,,6.6,,,,,0,0.0,1,0,,,,,2,7.0,1.9,9.2,Paying,
eagle-farm-2026-02-28,2,selection,"Whatjeudoin'",15,3,no_bet,0.0,,,21.0,5.9,0.212,0.2119,1.25,0,0.0,1,0,,,,,,23.3,5.2,21.0,Paying,
eagle-farm-2026-02-28,2,selection,"Mr O'reilly",10,4,no_bet,0.0,,,7.5,2.5,0.1145,0.4471,1.024,0,0.0,1,0,,,,,3,8.6,3.3,7.5,Paying,
eagle-farm-2026-02-28,3,exotic,,,,,,Exacta,15.0,,,,,,0,-15.0,1,0,,,,,,,,,Paying,"[1, 2]"
eagle-farm-2026-02-28,3,big3,Areprice,1,1,,,,,2.4,,,,,0,0.0,1,0,,,,,3,2.0,1.2,2.16,Paying,
eagle-farm-2026-02-28,3,selection,Areprice,1,1,win,10.0,,,2.4,1.47,0.362,0.8652,1.02,0,-10.0,1,0,,,,,3,2.0,1.2,2.16,Paying,
eagle-farm-2026-02-28,3,selection,"Swift Dragon",2,2,saver_win,10.0,,,5.9,2.63,0.266,0.709,1.71,0,-10.0,1,0,,,,,4,6.1,2.0,6.4,Paying,
eagle-farm-2026-02-28,3,selection,"Final Crusade",4,3,no_bet,0.0,,,4.1,2.03,0.387,0.3867,0.64,0,0.0,1,1,,,,,2,3.9,1.5,5.8,Paying,
eagle-farm-2026-02-28,3,selection,Boomtowns,3,4,no_bet,0.0,,,4.2,2.07,0.1103,0.3726,0.543,1,0.0,1,0,,,,,1,8.6,2.1,9.6,Paying,
eagle-farm-2026-02-28,4,exotic,,,,,,"Exacta Standout",15.0,,,,,,0,-15.0,1,0,,,,,,,,,Paying,"[1, 2, 9, 5]"
eagle-farm-2026-02-28,4,selection,"Cherry Bomshell",2,1,win,15.0,,,2.62,1.54,0.255,0.5432,0.79,1,13.5,1,0,,,,,1,1.9,1.1,2.52,Paying,
eagle-farm-2026-02-28,4,selection,"Night Market",9,2,no_bet,0.0,,,2.22,1.41,0.482,0.4816,0.53,0,0.0,1,0,,,,,5,2.8,1.4,2.44,Paying,
eagle-farm-2026-02-28,4,selection,"Sun Sister",5,3,no_bet,0.0,,,24.0,8.67,0.197,0.1973,1.33,0,0.0,1,0,,,,,8,37.2,6.8,40.0,Paying,
eagle-farm-2026-02-28,4,selection,Esperanza,1,4,no_bet,0.0,,,13.5,5.17,0.341,0.68,5.421,0,0.0,1,0,,,,,2,14.5,3.1,22.0,Paying,
eagle-farm-2026-02-28,5,exotic,,,,,,"Trifecta Standout",15.0,,,,,,0,-15.0,1,0,,,,,,,,,Paying,"[3, 8, 9]"
eagle-farm-2026-02-28,5,selection,Brindavan,3,1,win,13.5,,,2.38,1.46,0.322,0.6153,1.02,1,33.75,1,0,,,,,1,3.5,1.5,3.3,Paying,
eagle-farm-2026-02-28,5,big3,Brindavan,3,2,,,,,2.38,,,,,1,0.0,1,0,,,,,1,3.5,1.5,3.3,Paying,
eagle-farm-2026-02-28,5,selection,"So Long Farewell",8,2,place,6.5,,,3.3,1.77,0.525,0.5246,0.84,0,-6.5,1,1,,,,,7,3.5,1.8,3.0,Paying,
eagle-farm-2026-02-28,5,selection,"Rock Hard Love",9,3,no_bet,0.0,,,8.4,3.47,0.421,0.4211,1.32,0,0.0,1,0,,,,,2,10.2,2.4,8.0,Paying,
eagle-farm-2026-02-28,5,selection,"Just Flying",4,4,no_bet,0.0,,,9.6,3.87,0.0997,0.3722,1.277,0,0.0,1,0,,,,,6,11.4,2.6,15.0,Paying,
eagle-farm-2026-02-28,6,exotic,,,,,,"First4 Box",15.0,,,,,,0,-15.0,1,0,,,,,,,,,Paying,"[10, 4, 9, 7]"
eagle-farm-2026-02-28,6,selection,Quothquan,10,1,win,15.0,,,4.1,2.03,0.172,0.4957,0.88,0,-15.0,1,0,,,,,2,5.5,2.1,5.4,Paying,
eagle-farm-2026-02-28,6,selection,"Demon Darb",9,2,no_bet,0.0,,,5.2,2.4,0.386,0.3862,0.83,1,0.0,1,1,,,,,1,4.6,1.8,5.6,Paying,
eagle-farm-2026-02-28,6,selection,"Noble Conqueror",7,3,no_bet,0.0,,,8.4,3.47,0.319,0.3188,0.99,0,0.0,1,0,,,,,4,8.6,2.3,10.0,Paying,
eagle-farm-2026-02-28,6,selection,Galifianakis,4,4,no_bet,0.0,,,9.8,3.93,0.1488,0.2959,1.808,0,0.0,1,0,,,,,5,9.5,2.7,12.0,Paying,
eagle-farm-2026-02-28,7,exotic,,,,,,"Trifecta Box",15.0,,,,,,0,-15.0,1,0,,,,,,,,,Paying,"[11, 13, 1, 7]"
eagle-farm-2026-02-28,7,selection,"Savagery Vibe",11,1,win,14.5,,,2.5,1.5,0.2,0.6183,0.65,0,-14.5,1,0,,,,,2,2.2,1.3,2.3,Paying,
eagle-farm-2026-02-28,7,selection,"Break Free",13,2,place,5.5,,,5.0,2.33,0.412,0.412,0.93,0,-5.5,1,1,,,,,,8.9,2.6,9.0,Paying,
eagle-farm-2026-02-28,7,selection,Restonica,1,3,no_bet,0.0,,,8.6,3.53,0.391,0.3907,1.33,1,0.0,1,0,,,,,1,18.0,3.8,22.0,Paying,
eagle-farm-2026-02-28,7,selection,Freeland,7,4,no_bet,0.0,,,19.0,7.0,0.1371,0.2323,3.415,0,0.0,1,0,,,,,,21.0,4.2,23.0,Paying,
eagle-farm-2026-02-28,8,exotic,,,,,,"Trifecta Box",15.0,,,,,,0,-15.0,1,0,,,,,,,,,Paying,"[1, 7, 3, 13]"
eagle-farm-2026-02-28,8,selection,"Earn To Burn",1,1,win,11.0,,,2.7,1.57,0.241,0.5057,0.85,0,-11.0,1,0,,,,,4,3.0,1.6,2.62,Paying,
eagle-farm-2026-02-28,8,selection,"Casino Bay",7,2,place,9.0,,,9.0,3.67,0.528,0.5278,1.89,0,-9.0,1,1,,,,,11,10.9,3.0,12.5,Paying,
eagle-farm-2026-02-28,8,selection,"Isti Star",3,3,no_bet,0.0,,,6.2,2.73,0.183,0.1828,0.49,0,0.0,1,0,,,,,9,9.2,2.8,8.4,Paying,
eagle-farm-2026-02-28,8,selection,"Dr Farthing",13,4,no_bet,0.0,,,20.0,7.33,0.1169,0.0856,3.064,1,0.0,1,0,,,,,1,24.3,6.4,34.0,Paying,
eagle-farm-2026-02-28,9,exotic,,,,,,"Exacta Standout",15.0,,,,,,0,-15.0,1,0,,,,,,,,,Paying,"[3, 5, 1, 2]"
eagle-farm-2026-02-28,9,selection,Battlefield,3,1,win,13.5,,,3.6,1.87,0.216,0.5023,0.96,0,-13.5,1,0,,,,,2,2.7,1.2,3.65,Paying,
eagle-farm-2026-02-28,9,selection,Hell,5,2,place,6.5,,,4.6,2.2,0.563,0.5629,1.1,0,-6.5,1,1,,,,,7,4.7,1.9,4.8,Paying,
eagle-farm-2026-02-28,9,selection,Hatchet,1,3,no_bet,0.0,,,5.2,2.4,0.379,0.3793,0.81,1,0.0,1,0,,,,,1,8.0,2.3,9.2,Paying,
eagle-farm-2026-02-28,9,selection,"Exotique Miss",2,4,no_bet,0.0,,,17.5,6.5,0.0817,0.1915,1.771,0,0.0,1,0,,,,,5,14.2,3.7,14.5,Paying,
eagle-farm-2026-02-28,10,exotic,,,,,,"Trifecta Box",15.0,,,,,,0,-15.0,1,0,,,,,,,,,Paying,"[2, 5, 9, 4]"
eagle-farm-2026-02-28,10,selection,"Weigall Tiger",2,1,win,18.0,,,9.4,3.8,0.132,0.2686,1.64,0,-18.0,1,0,,,,,,13.2,4.0,13.5,Paying,
eagle-farm-2026-02-28,10,selection,"John Rambo",5,2,place,7.0,,,3.7,1.9,0.422,0.422,0.78,1,3.5,1,1,,,,,2,2.9,1.5,3.55,Paying,
eagle-farm-2026-02-28,10,selection,"Super Duck",13,3,no_bet,0.0,,,15.0,5.67,0.171,0.1713,0.95,0,0.0,1,0,,,,,,15.7,4.2,18.5,Paying,
eagle-farm-2026-02-28,10,selection,Hermanita,9,4,no_bet,0.0,,,15.0,5.67,0.0955,0.3187,1.886,0,0.0,1,0,,,,,,21.5,5.2,24.0,Paying,
flemington-2026-02-28,,big3_multi,,,,,,,10.0,,,,,,0,-10.0,1,0,,,,,,,,,,
flemington-2026-02-28,,sequence,,,,,,,50.0,,,,,,0,-50.0,1,0,quaddie,smart,"[[7, 5, 3], [5, 7, 9], [1, 2, 4], [6, 4, 1, 5]]",3,,,,,,
flemington-2026-02-28,,sequence,,,,,,,50.0,,,,,,0,-50.0,1,0,quaddie,smart,"[[2, 6, 7], [1, 4, 2], [5, 13, 14, 3, 9], [10, 7, 11]]",7,,,,,,
flemington-2026-02-28,,sequence,,,,,,,39.68,,,,,,0,-39.68,1,0,big6,smart,"[[1, 2], [6, 4], [2, 6], [1, 4], [5, 13, 3, 14], [10, 7]]",5,,,,,,
flemington-2026-02-28,1,exotic,,,,,,"Exacta Standout",15.0,,,,,,0,-15.0,1,0,,,,,,,,,Paying,"[5, 6, 7, 8]"
flemington-2026-02-28,1,big3,Jacaranda,5,1,,,,,4.1,,,,,0,0.0,1,0,,,,,,3.4,1.4,3.65,Paying,
flemington-2026-02-28,1,selection,Jacaranda,5,1,win,14.5,,,4.1,2.03,0.564,0.606,2.61,0,-14.5,1,0,,,,,,3.4,1.4,3.65,Paying,
flemington-2026-02-28,1,selection,"Gin Twist",6,2,place,10.5,,,4.6,2.2,0.751,0.7509,1.35,1,6.3,1,1,,,,,1,4.1,1.6,3.9,Paying,
flemington-2026-02-28,1,selection,"La Gitana",7,3,no_bet,0.0,,,4.6,2.2,0.748,0.7484,1.35,0,0.0,1,0,,,,,2,5.8,1.9,6.2,Paying,
flemington-2026-02-28,1,selection,Ladhar,8,4,no_bet,0.0,,,5.7,2.57,0.0989,0.2706,0.513,0,0.0,1,0,,,,,,5.8,2.0,5.9,Paying,
flemington-2026-02-28,2,exotic,,,,,,Quinella,15.0,,,,,,0,-15.0,1,0,,,,,,,,,Paying,"[5, 8]"
flemington-2026-02-28,2,selection,"Gold Medallist",8,1,win,17.5,,,10.0,4.0,0.253,0.2885,2.85,0,-17.5,1,0,,,,,5,11.5,3.3,17.5,Paying,
flemington-2026-02-28,2,selection,"Rue De Royale",1,2,place,7.5,,,3.45,1.82,0.458,0.4579,0.74,1,2.25,1,0,,,,,2,2.7,1.3,2.78,Paying,
flemington-2026-02-28,2,selection,"Legacy Bay",11,3,no_bet,0.0,,,5.5,2.5,0.391,0.3915,0.87,0,0.0,1,0,,,,,4,4.9,2.0,5.1,Paying,
flemington-2026-02-28,2,selection,"Regal Tycoon",5,4,no_bet,0.0,,,10.0,4.0,0.2655,0.59,3.155,0,0.0,1,0,,,,,3,11.8,3.0,14.5,Paying,
flemington-2026-02-28,3,exotic,,,,,,"Trifecta Standout",15.0,,,,,,0,-15.0,1,0,,,,,,,,,Paying,"[7, 5, 3]"
flemington-2026-02-28,3,selection,Watersports,7,1,win,14.5,,,2.82,1.61,0.331,0.5323,1.02,1,24.65,1,0,,,,,1,2.7,1.5,2.82,Paying,
flemington-2026-02-28,3,selection,"Great Maximus",1,2,place,5.5,,,5.7,2.57,0.415,0.4147,1.25,0,-5.5,1,1,,,,,4,4.3,2.2,4.7,Paying,
flemington-2026-02-28,3,selection,"Bons To Riches",5,3,no_bet,0.0,,,4.8,2.27,0.248,0.3264,1.31,0,0.0,1,0,,,,,6,4.9,2.6,5.0,Paying,
flemington-2026-02-28,3,selection,"Little Jack",3,4,no_bet,0.0,,,10.5,4.17,0.1257,0.2024,1.303,0,0.0,1,0,,,,,3,12.7,4.4,19.5,Paying,
flemington-2026-02-28,4,exotic,,,,,,Exacta,15.0,,,,,,0,-15.0,1,0,,,,,,,,,Paying,"[5, 9]"
flemington-2026-02-28,4,selection,"Ahha Ahha",9,1,win,13.5,,,3.65,1.88,0.24,0.5996,0.92,0,-13.5,1,0,,,,,2,3.0,1.3,3.55,Paying,
flemington-2026-02-28,4,selection,"Astral Flame",8,2,place,6.5,,,4.5,2.17,0.57,0.5699,0.98,1,5.2,1,1,,,,,1,5.7,1.8,5.2,Paying,
flemington-2026-02-28,4,selection,"Hot Digity Boom",7,3,no_bet,0.0,,,7.8,3.27,0.42,0.42,1.08,0,0.0,1,0,,,,,,5.4,1.8,6.0,Paying,
flemington-2026-02-28,4,selection,Mometz,5,4,no_bet,0.0,,,9.8,3.93,0.2137,0.4672,1.919,0,0.0,1,0,,,,,3,8.3,2.2,15.5,Paying,
flemington-2026-02-28,5,exotic,,,,,,"Exacta Standout",15.0,,,,,,0,-15.0,1,0,,,,,,,,,Paying,"[4, 1, 3, 2]"
flemington-2026-02-28,5,selection,Mcgaw,4,1,win,11.0,,,3.35,1.78,0.245,0.5853,0.86,0,-11.0,1,0,,,,,7,2.4,1.25,2.8,Paying,
flemington-2026-02-28,5,selection,"Bridal Waltz",1,2,saver_win,9.0,,,5.3,2.43,0.23,0.5967,1.13,1,31.05,1,0,,,,,1,4.45,1.35,5.4,Paying,
flemington-2026-02-28,5,selection,Celui,3,3,no_bet,0.0,,,3.95,1.98,0.611,0.6108,0.96,0,0.0,1,1,,,,,3,3.7,1.35,4.7,Paying,
flemington-2026-02-28,5,selection,Midwest,2,4,no_bet,0.0,,,12.5,4.83,0.0869,0.4601,1.265,0,0.0,1,0,,,,,2,14.85,3.0,17.0,Paying,
flemington-2026-02-28,6,exotic,,,,,,Exacta,15.0,,,,,,0,-15.0,1,0,,,,,,,,,Paying,"[6, 4]"
flemington-2026-02-28,6,selection,Educated,6,1,win,15.0,,,3.9,1.97,0.325,0.5882,1.45,1,39.0,1,0,,,,,1,3.6,1.4,4.0,Paying,
flemington-2026-02-28,6,big3,Educated,6,2,,,,,3.9,,,,,1,0.0,1,0,,,,,1,3.6,1.4,4.0,Paying,
flemington-2026-02-28,6,selection,"Bel Merci",1,2,no_bet,0.0,,,4.0,2.0,0.377,0.3771,0.79,0,0.0,1,1,,,,,7,2.8,1.3,3.15,Paying,
flemington-2026-02-28,6,selection,"Thanks Gorgeous",2,3,no_bet,0.0,,,10.5,4.17,0.25,0.2499,1.09,0,0.0,1,0,,,,,2,8.1,1.9,13.0,Paying,
flemington-2026-02-28,6,selection,Wintery,4,4,no_bet,0.0,,,8.8,3.6,0.1609,0.4851,1.619,0,0.0,1,0,,,,,6,8.6,2.35,9.2,Paying,
flemington-2026-02-28,7,exotic,,,,,,Exacta,15.0,,,,,,0,-15.0,1,0,,,,,,,,,Paying,"[2, 6]"
flemington-2026-02-28,7,selection,Apulia,2,1,win,14.5,,,5.2,2.4,0.215,0.5,1.23,0,-14.5,1,0,,,,,5,3.7,1.5,5.6,Paying,
flemington-2026-02-28,7,selection,"Air Assault",7,2,place,5.5,,,5.2,2.4,0.455,0.4551,0.93,0,-5.5,1,1,,,,,6,3.55,1.45,4.9,Paying,
flemington-2026-02-28,7,selection,Birdman,5,3,no_bet,0.0,,,4.9,2.3,0.401,0.4009,0.79,1,0.0,1,0,,,,,1,3.6,1.35,3.9,Paying,
flemington-2026-02-28,7,selection,Holymanz,6,4,no_bet,0.0,,,10.0,4.0,0.1315,0.3535,1.381,0,0.0,1,0,,,,,7,9.6,2.25,10.5,Paying,
flemington-2026-02-28,8,exotic,,,,,,Quinella,15.0,,,,,,1,9.0,1,0,,,,,,,,,Paying,"[1, 4, 2]"
flemington-2026-02-28,8,selection,Observer,1,1,win,12.5,,,2.04,1.35,0.409,0.8313,0.97,1,6.88,1,0,,,,,1,1.55,1.05,2.1,Paying,
flemington-2026-02-28,8,selection,Sixties,4,2,place,7.5,,,3.45,1.82,0.621,0.6206,0.75,1,0.75,1,1,,,,,3,3.2,1.1,3.25,Paying,
flemington-2026-02-28,8,selection,"Planet Red",2,3,no_bet,0.0,,,7.0,3.0,0.495,0.4949,0.99,0,0.0,1,0,,,,,2,7.3,1.45,8.6,Paying,
flemington-2026-02-28,8,selection,"Victorious Spirit",8,4,no_bet,0.0,,,36.0,12.67,0.0383,0.6134,1.023,0,0.0,1,0,,,,,4,27.6,3.35,30.0,Paying,
flemington-2026-02-28,9,exotic,,,,,,"Trifecta Box",15.0,,,,,,0,-15.0,1,0,,,,,,,,,Paying,"[3, 5, 13, 14]"
flemington-2026-02-28,9,selection,"Alpha Sofie",3,1,win,11.0,,,2.12,1.37,0.21,0.472,0.52,0,-11.0,1,0,,,,,13,1.9,1.3,780.0,Paying,
flemington-2026-02-28,9,selection,"Trapper John",5,2,place,9.0,,,13.5,5.17,0.355,0.3553,1.55,0,-9.0,1,1,,,,,5,22.6,5.1,120.0,Paying,
flemington-2026-02-28,9,selection,"Flying Awasita",14,3,no_bet,0.0,,,251.0,21.2,0.31,0.3097,5.55,0,0.0,1,0,,,,,15,247.1,39.8,490.0,Paying,
flemington-2026-02-28,9,selection,"Fundamental Nature",13,4,no_bet,0.0,,,16.0,6.0,0.1638,0.3464,3.088,0,0.0,1,0,,,,,3,13.4,3.6,17.0,Paying,
flemington-2026-02-28,10,exotic,,,,,,Exacta,15.0,,,,,,0,-15.0,1,0,,,,,,,,,Paying,"[10, 7]"
flemington-2026-02-28,10,selection,"Xtra Rush",10,1,win,17.5,,,4.8,2.27,0.411,0.6815,2.34,0,-17.5,1,0,,,,,3,5.7,2.4,5.4,Paying,
flemington-2026-02-28,10,selection,Fiorenot,7,2,place,7.5,,,3.7,1.9,0.634,0.6342,1.06,0,-7.5,1,1,,,,,,3.6,1.5,4.1,Paying,
flemington-2026-02-28,10,big3,"Xtra Rush",10,3,,,,,4.8,,,,,0,0.0,1,0,,,,,3,5.7,2.4,5.4,Paying,
flemington-2026-02-28,10,selection,Ambassadorial,11,3,no_bet,0.0,,,3.8,1.93,0.514,0.5138,0.87,1,0.0,1,0,,,,,1,3.2,1.5,3.65,Paying,
flemington-2026-02-28,10,selection,"Georgie Get Mad",15,4,no_bet,0.0,,,14.5,5.5,0.0502,0.2208,0.83,0,0.0,1,0,,,,,,14.7,3.3,18.5,Paying,
geraldton-2026-02-28,,big3_multi,,,,,,,10.0,,,,,,0,-10.0,1,0,,,,,,,,,,
geraldton-2026-02-28,,sequence,,,,,,,50.4,,,,,,0,-50.4,1,0,quaddie,smart,"[[1, 2, 9], [9, 8, 1], [7, 9, 5, 10], [3, 2, 5, 1]]",1,,,,,,
geraldton-2026-02-28,,sequence,,,,,,,50.0,,,,,,0,-50.0,1,0,quaddie,smart,"[[3, 2, 5], [1, 7, 11, 6], [3, 5, 9], [3, 2, 14, 7]]",4,,,,,,
geraldton-2026-02-28,1,exotic,,,,,,"Exacta Standout",15.0,,,,,,1,441.0,1,0,,,,,,,,,Paying,"[1, 2, 9, 4]"
geraldton-2026-02-28,1,selection,"Extra Zero",1,1,win,13.5,,,2.94,1.65,0.225,0.744,0.87,1,22.95,1,0,,,,,1,2.7,1.3,2.76,Paying,
geraldton-2026-02-28,1,selection,"Il Bello Beals",2,2,place,6.5,,,4.0,2.0,0.626,0.6265,1.07,0,-6.5,1,1,,,,,4,3.7,1.8,5.9,Paying,
geraldton-2026-02-28,1,selection,"Bambun Girl",9,3,no_bet,0.0,,,5.7,2.57,0.22,0.2198,0.48,0,0.0,1,0,,,,,,,,5.7,Paying,
geraldton-2026-02-28,1,selection,"Flaming Dragon",4,4,no_bet,0.0,,,20.0,7.33,0.0731,0.1061,1.921,0,0.0,1,0,,,,,2,39.3,4.3,44.0,Paying,
geraldton-2026-02-28,2,exotic,,,,,,"Exacta Standout",15.0,,,,,,0,-15.0,1,0,,,,,,,,,Paying,"[9, 8, 1, 2]"
geraldton-2026-02-28,2,selection,"Alla Ping",9,1,no_bet,0.0,,,3.7,1.9,0.13,0.2776,0.58,0,0.0,1,0,,,,,3,3.8,1.8,3.7,Paying,
geraldton-2026-02-28,2,selection,"Loona Dawn",8,2,place,15.0,,,7.6,3.2,0.649,0.6493,2.06,1,16.5,1,1,,,,,2,7.4,2.1,9.4,Paying,
geraldton-2026-02-28,2,selection,"Macho Arquero",1,3,no_bet,0.0,,,19.5,7.17,0.582,0.5816,1.93,0,0.0,1,0,,,,,,33.0,7.2,26.0,Paying,
geraldton-2026-02-28,2,selection,"Fighting Thunder",2,4,no_bet,0.0,,,13.5,5.17,0.0673,0.3151,2.203,0,0.0,1,0,,,,,,17.9,5.3,13.0,Paying,
geraldton-2026-02-28,3,exotic,,,,,,"Trifecta Box",15.0,,,,,,0,-15.0,1,0,,,,,,,,,Paying,"[7, 9, 5, 10]"
geraldton-2026-02-28,3,selection,"Karri On",7,1,win,13.5,,,3.5,1.83,0.271,0.5203,1.22,0,-13.5,1,0,,,,,7,4.9,1.7,4.7,Paying,
geraldton-2026-02-28,3,selection,Weaponize,9,2,place,6.5,,,3.45,1.82,0.55,0.5498,1.09,0,-6.5,1,1,,,,,5,3.3,1.6,3.4,Paying,
geraldton-2026-02-28,3,selection,"Cozzies Choice",5,3,no_bet,0.0,,,5.0,2.33,0.535,0.5353,1.16,0,0.0,1,0,,,,,6,6.6,1.4,6.8,Paying,
geraldton-2026-02-28,3,selection,"Ginger Jive",10,4,no_bet,0.0,,,25.0,9.0,0.0733,0.1598,2.541,0,0.0,1,0,,,,,9,52.8,9.5,50.0,Paying,
geraldton-2026-02-28,4,exotic,,,,,,Exacta,15.0,,,,,,0,-15.0,1,0,,,,,,,,,Paying,"[3, 2]"
geraldton-2026-02-28,4,big3,Bayhara,3,1,,,,,3.4,,,,,1,0.0,1,0,,,,,1,3.2,1.6,2.96,Paying,
geraldton-2026-02-28,4,selection,Bayhara,3,1,win,13.5,,,3.8,1.93,0.249,0.5063,1.04,1,29.7,1,0,,,,,1,3.2,1.6,2.96,Paying,
geraldton-2026-02-28,4,selection,Butterflyrock,2,2,place,6.5,,,6.4,2.8,0.476,0.4765,1.28,0,-6.5,1,0,,,,,4,6.6,2.2,1.25,Paying,
geraldton-2026-02-28,4,selection,"Miff Muffered Moof",5,3,no_bet,0.0,,,5.8,2.6,0.541,0.5412,1.24,0,0.0,1,1,,,,,,7.5,1.9,1.25,Paying,
geraldton-2026-02-28,4,selection,Vivarok,9,4,no_bet,0.0,,,23.0,8.33,0.0511,0.126,1.456,0,0.0,1,0,,,,,,41.5,7.4,42.0,Paying,
geraldton-2026-02-28,5,exotic,,,,,,"Trifecta Box",15.0,,,,,,0,-15.0,1,0,,,,,,,,,Paying,"[6, 1, 7, 9]"
geraldton-2026-02-28,5,selection,"Deep Discretion",6,1,win,14.0,,,2.64,1.55,0.192,0.5836,0.68,0,-14.0,1,0,,,,,3,3.9,1.5,4.0,Paying,
geraldton-2026-02-28,5,selection,"Sparkle Corner",1,2,place,6.0,,,3.9,1.97,0.464,0.464,1.03,1,3.0,1,1,,,,,2,3.5,1.5,4.1,Paying,
geraldton-2026-02-28,5,selection,Alterno,7,3,no_bet,0.0,,,11.0,4.33,0.189,0.1893,0.88,0,0.0,1,0,,,,,,7.8,1.9,26.0,Paying,
geraldton-2026-02-28,5,selection,"Mortgage Man",11,4,no_bet,0.0,,,20.0,7.33,0.0704,0.1293,2.087,0,0.0,1,0,,,,,,,,20.0,Paying,
geraldton-2026-02-28,6,exotic,,,,,,"Trifecta Box",15.0,,,,,,0,-15.0,1,0,,,,,,,,,Paying,"[3, 1, 13, 5]"
geraldton-2026-02-28,6,selection,Onemoretwomany,3,1,win,18.0,,,7.6,3.2,0.282,0.2976,2.65,0,-18.0,1,0,,,,,,8.0,3.1,9.6,Paying,
geraldton-2026-02-28,6,big3,Onemoretwomany,3,2,,,,,7.4,,,,,0,0.0,1,0,,,,,,8.0,3.1,9.6,Paying,
geraldton-2026-02-28,6,selection,"On The Mark",1,2,place,7.0,,,2.64,1.55,0.503,0.5031,1.1,1,3.5,1,1,,,,,1,2.9,1.5,3.5,Paying,
geraldton-2026-02-28,6,selection,"War Class",9,3,no_bet,0.0,,,32.0,11.33,0.081,0.0805,0.94,0,0.0,1,0,,,,,,86.4,34.3,130.0,Paying,
geraldton-2026-02-28,6,selection,"Starring Knight",5,4,no_bet,0.0,,,17.0,6.33,0.0752,0.2104,1.613,0,0.0,1,0,,,,,4,17.6,4.5,18.0,Paying,
geraldton-2026-02-28,7,exotic,,,,,,First4,15.0,,,,,,0,-15.0,1,0,,,,,,,,,Paying,"[3, 1, 2, 5, 14]"
geraldton-2026-02-28,7,selection,Yapper,3,1,win,15.0,,,3.5,1.83,0.283,0.4286,1.35,0,-15.0,1,0,,,,,,4.4,1.8,4.3,Paying,
geraldton-2026-02-28,7,selection,"Truly Gallant",1,2,no_bet,0.0,,,3.4,1.8,0.395,0.3945,0.87,0,0.0,1,1,,,,,2,3.9,1.7,4.3,Paying,
geraldton-2026-02-28,7,big3,Yapper,3,3,,,,,3.6,,,,,0,0.0,1,0,,,,,,4.4,1.8,4.3,Paying,
geraldton-2026-02-28,7,selection,Cantilever,2,3,no_bet,0.0,,,7.2,3.07,0.278,0.2782,1.17,0,0.0,1,0,,,,,3,16.7,4.2,13.0,Paying,
geraldton-2026-02-28,7,selection,"Brave Shot",14,4,no_bet,0.0,,,14.0,5.33,0.0681,0.1222,1.497,0,0.0,1,0,,,,,,,,14.5,Paying,
gold-coast-2026-02-28,,big3_multi,,,,,,,10.0,,,,,,0,-10.0,1,0,,,,,,,,,,
gold-coast-2026-02-28,,sequence,,,,,,,54.0,,,,,,0,-54.0,1,0,quaddie,smart,"[[2, 1, 6], [6, 2, 1], [10, 9, 7, 2], [4, 1, 7]]",1,,,,,,
gold-coast-2026-02-28,,sequence,,,,,,,57.6,,,,,,0,-57.6,1,0,quaddie,smart,"[[4, 1, 7], [10, 1, 9, 3], [6, 2, 5], [10, 6, 11, 2]]",4,,,,,,
gold-coast-2026-02-28,1,exotic,,,,,,Exacta,15.0,,,,,,0,-15.0,1,0,,,,,,,,,Paying,"[2, 1]"
gold-coast-2026-02-28,1,big3,"Written Aclaim",2,1,,,,,3.1,,,,,0,0.0,1,0,,,,,2,1.9,1.3,2.06,Paying,
gold-coast-2026-02-28,1,selection,"Written Aclaim",2,1,win,15.0,,,3.1,1.7,0.335,0.8098,1.37,0,-15.0,1,0,,,,,2,1.9,1.3,2.06,Paying,
gold-coast-2026-02-28,1,selection,"Sniper Boom",1,2,place,10.0,,,4.4,2.13,0.75,0.7495,1.49,1,10.0,1,1,,,,,3,5.4,2.0,8.4,Paying,
gold-coast-2026-02-28,1,selection,"The Autumn Affair",9,3,no_bet,0.0,,,5.0,2.33,0.202,0.2015,0.44,1,0.0,1,0,,,,,1,3.9,1.8,3.8,Paying,
gold-coast-2026-02-28,1,selection,"Madame Doubtfire",6,4,no_bet,0.0,,,5.9,2.63,0.1732,0.1103,1.634,0,0.0,1,0,,,,,5,6.5,3.0,8.2,Paying,
gold-coast-2026-02-28,2,exotic,,,,,,Exacta,15.0,,,,,,1,92.25,1,0,,,,,,,,,Paying,"[6, 7]"
gold-coast-2026-02-28,2,selection,"Signature Tart",6,1,no_bet,0.0,,,2.08,1.36,0.309,0.6066,1.09,1,0.0,1,0,,,,,1,2.3,1.5,1.1,Paying,
gold-coast-2026-02-28,2,selection,"Petite Palace",1,2,place,15.0,,,4.3,2.1,0.533,0.5328,1.34,0,-15.0,1,1,,,,,4,3.2,2.2,3.75,Paying,
gold-coast-2026-02-28,2,selection,Gaylord,2,3,no_bet,0.0,,,3.0,1.67,0.51,0.5104,1.02,0,0.0,1,0,,,,,5,3.4,2.6,3.7,Paying,
gold-coast-2026-02-28,2,selection,Tribbiani,7,4,no_bet,0.0,,,8.8,3.6,0.1211,0.231,1.267,0,0.0,1,0,,,,,2,13.2,2.5,10.5,Paying,
gold-coast-2026-02-28,3,exotic,,,,,,Quinella,15.0,,,,,,1,781.5,1,0,,,,,,,,,Paying,"[10, 9]"
gold-coast-2026-02-28,3,selection,"Britannia Rose",10,1,no_bet,0.0,,,4.5,2.17,0.207,0.2419,1.17,1,0.0,1,0,,,,,1,2.6,1.2,3.15,Paying,
gold-coast-2026-02-28,3,selection,"Luke Skywalker",2,2,no_bet,0.0,,,4.9,2.3,0.255,0.2554,0.53,0,0.0,1,0,,,,,4,5.5,2.1,5.3,Paying,
gold-coast-2026-02-28,3,selection,Airburst,7,3,place,15.0,,,8.2,3.4,0.569,0.5686,1.74,1,54.0,1,1,,,,,3,15.3,4.6,25.0,Paying,
gold-coast-2026-02-28,3,selection,"Gypsy Wish",9,4,no_bet,0.0,,,10.5,4.17,0.1877,0.1169,3.433,0,0.0,1,0,,,,,2,20.2,4.0,22.0,Paying,
gold-coast-2026-02-28,4,exotic,,,,,,Quinella,15.0,,,,,,1,36.0,1,0,,,,,,,,,Paying,"[4, 7]"
gold-coast-2026-02-28,4,selection,Emphatique,4,1,no_bet,0.0,,,1.39,1.13,0.353,0.8241,0.64,0,0.0,1,0,,,,,2,1.6,1.5,1.56,Paying,
gold-coast-2026-02-28,4,selection,"Come On Mr Snips",1,2,place,15.0,,,4.2,2.07,0.659,0.6592,1.57,1,31.5,1,1,,,,,3,6.7,3.1,7.4,Paying,
gold-coast-2026-02-28,4,selection,"Dependable Lad",2,3,no_bet,0.0,,,8.8,3.6,0.058,0.1145,0.67,0,0.0,1,0,,,,,,11.1,3.3,17.5,Paying,
gold-coast-2026-02-28,4,selection,"Zhongxin Koala",7,4,no_bet,0.0,,,12.0,4.67,0.1411,0.2378,2.731,1,0.0,1,0,,,,,1,5.7,2.2,10.5,Paying,
gold-coast-2026-02-28,5,exotic,,,,,,"Trifecta Standout",15.0,,,,,,0,-15.0,1,0,,,,,,,,,Paying,"[1, 10, 3]"
gold-coast-2026-02-28,5,selection,"Steffi Electrica",10,1,no_bet,0.0,,,2.18,1.39,0.269,0.5603,0.73,0,0.0,1,0,,,,,5,1.6,1.3,1.85,Paying,
gold-coast-2026-02-28,5,selection,"Boom Break",1,2,place,15.0,,,3.4,1.8,0.429,0.4291,0.99,1,19.5,1,0,,,,,3,4.4,2.3,1.14,Paying,
gold-coast-2026-02-28,5,selection,Enhance,2,3,no_bet,0.0,,,8.4,3.47,0.035,0.3745,0.35,0,0.0,1,0,,,,,6,10.0,3.9,11.0,Paying,
gold-coast-2026-02-28,5,selection,"In No Doubt",7,4,no_bet,0.0,,,17.0,6.33,0.0405,0.097,0.809,1,0.0,1,0,,,,,1,19.7,6.2,19.5,Paying,
gold-coast-2026-02-28,6,exotic,,,,,,Exacta,15.0,,,,,,0,-15.0,1,0,,,,,,,,,Paying,"[2, 6]"
gold-coast-2026-02-28,6,selection,"Music Fever",6,1,place,9.0,,,1.74,1.25,0.927,0.9267,1.0,1,3.6,1,1,,,,,1,2.8,1.4,2.54,Paying,
gold-coast-2026-02-28,6,big3,"Cool Panels",2,2,,,,,4.9,,,,,0,0.0,1,0,,,,,4,5.1,1.7,6.0,Paying,
gold-coast-2026-02-28,6,selection,"Cool Panels",2,2,saver_win,11.0,,,4.9,2.3,0.271,0.6492,1.59,0,-11.0,1,0,,,,,4,5.1,1.7,6.0,Paying,
gold-coast-2026-02-28,6,selection,"Beta Better",8,3,no_bet,0.0,,,16.0,6.0,0.169,0.1694,0.87,0,0.0,1,0,,,,,7,14.4,3.0,10.5,Paying,
gold-coast-2026-02-28,6,selection,"Keep It Loki",5,4,no_bet,0.0,,,17.5,6.5,0.0845,0.1842,1.573,0,0.0,1,0,,,,,3,12.6,3.3,18.0,Paying,
gold-coast-2026-02-28,7,exotic,,,,,,Quinella,15.0,,,,,,0,-15.0,1,0,,,,,,,,,Paying,"[10, 11]"
gold-coast-2026-02-28,7,selection,"Vermilion Kirin",10,1,no_bet,0.0,,,4.5,2.17,0.227,0.4929,1.25,0,0.0,1,0,,,,,3,4.8,1.8,6.2,Paying,
gold-coast-2026-02-28,7,selection,"Will It Snow",6,2,place,15.0,,,2.5,1.5,0.738,0.7375,1.08,1,10.5,1,1,,,,,1,4.7,1.7,3.6,Paying,
gold-coast-2026-02-28,7,big3,"Vermilion Kirin",10,3,,,,,4.5,,,,,0,0.0,1,0,,,,,3,4.8,1.8,6.2,Paying,
gold-coast-2026-02-28,7,selection,Watermelon,2,3,no_bet,0.0,,,13.0,5.0,0.156,0.1562,0.76,0,0.0,1,0,,,,,2,18.5,3.4,19.5,Paying,
gold-coast-2026-02-28,7,selection,"Chief Of Staff",11,4,no_bet,0.0,,,8.0,3.33,0.2005,0.4761,1.809,0,0.0,1,0,,,,,5,9.1,2.3,9.0,Paying,
morphettville-parks-2026-02-28,,big3_multi,,,,,,,10.0,,,,,,0,-10.0,1,0,,,,,,,,,,
morphettville-parks-2026-02-28,,sequence,,,,,,,45.0,,,,,,0,-45.0,1,0,quaddie,smart,"[[8, 3, 1], [4, 3, 6], [2, 9, 5], [4, 5, 2]]",3,,,,,,
morphettville-parks-2026-02-28,,sequence,,,,,,,50.0,,,,,,0,-50.0,1,0,quaddie,smart,"[[4, 1, 8], [9, 2, 3], [8, 3, 11, 5], [9, 3, 8, 13]]",7,,,,,,
morphettville-parks-2026-02-28,,sequence,,,,,,,23.0,,,,,,0,-23.0,1,0,big6,smart,"[[2, 9], [4, 5], [4, 1], [9, 2], [8, 3], [9, 3, 8, 13]]",5,,,,,,
morphettville-parks-2026-02-28,1,exotic,,,,,,"Exacta Standout",15.0,,,,,,0,-15.0,1,0,,,,,,,,,Paying,"[3, 2, 1, 4]"
morphettville-parks-2026-02-28,1,selection,"Super Wonder",2,1,win,15.0,,,2.8,1.1,0.214,0.5891,0.68,0,-15.0,1,0,,,,,4,3.0,1.6,2.8,Paying,
morphettville-parks-2026-02-28,1,selection,"Chica Astuta",4,2,no_bet,0.0,,,3.7,1.1,0.351,0.3508,0.45,1,0.0,1,1,,,,,1,4.3,2.6,3.7,Paying,
morphettville-parks-2026-02-28,1,selection,Cyclotron,1,3,no_bet,0.0,,,3.8,4.8,0.289,0.2895,1.6,0,0.0,1,0,,,,,2,3.0,1.7,3.8,Paying,
morphettville-parks-2026-02-28,1,selection,Farnace,3,4,no_bet,0.0,,,18.0,7.0,0.3484,0.3733,6.037,0,0.0,1,0,,,,,3,8.1,3.1,18.0,Paying,
morphettville-parks-2026-02-28,2,exotic,,,,,,"Trifecta Box",15.0,,,,,,1,91.56,1,0,,,,,,,,,Paying,"[8, 1, 2, 13]"
morphettville-parks-2026-02-28,2,selection,Ramasis,8,1,win,15.0,,,2.5,1.0,0.194,0.6308,0.54,1,18.0,1,0,,,,,1,2.2,1.04,2.5,Paying,
morphettville-parks-2026-02-28,2,selection,Aramoso,1,2,no_bet,0.0,,,23.0,4.5,0.259,0.2594,0.62,0,0.0,1,0,,,,,,41.9,6.3,23.0,Paying,
morphettville-parks-2026-02-28,2,selection,"City Pro",2,3,no_bet,0.0,,,35.0,19.0,0.047,0.0465,0.47,0,0.0,1,0,,,,,3,40.9,12.3,35.0,Paying,
morphettville-parks-2026-02-28,2,selection,"Sicilian Princess",13,4,no_bet,0.0,,,3.8,1.93,0.1045,0.364,0.543,0,0.0,1,1,,,,,2,3.7,1.4,3.8,Paying,
morphettville-parks-2026-02-28,3,exotic,,,,,,"Trifecta Box",15.0,,,,,,0,-15.0,1,0,,,,,,,,,Paying,"[1, 4, 8, 3]"
morphettville-parks-2026-02-28,3,selection,"Dirty Old Town",4,1,win,18.0,,,6.5,1.0,0.188,0.4368,0.85,1,54.0,1,0,,,,,1,4.0,2.0,6.5,Paying,
morphettville-parks-2026-02-28,3,selection,"Mostly For Show",1,2,place,7.0,,,4.6,3.3,0.422,0.4218,1.45,0,-7.0,1,1,,,,,4,3.9,2.2,4.6,Paying,
morphettville-parks-2026-02-28,3,selection,Dazelles,8,3,no_bet,0.0,,,9.5,1.7,0.183,0.4073,1.24,0,0.0,1,0,,,,,6,7.5,3.5,9.5,Paying,
morphettville-parks-2026-02-28,3,selection,"Freedom Flame",3,4,no_bet,0.0,,,12.0,2.5,0.1732,0.219,1.638,0,0.0,1,0,,,,,2,7.7,3.4,12.0,Paying,
morphettville-parks-2026-02-28,4,exotic,,,,,,"Trifecta Standout",15.0,,,,,,0,-15.0,1,0,,,,,,,,,Paying,"[4, 6, 5]"
morphettville-parks-2026-02-28,4,big3,"Longer Route",4,1,,,,,2.5,,,,,0,0.0,1,0,,,,,5,2.7,1.2,2.5,Paying,
morphettville-parks-2026-02-28,4,selection,"Longer Route",4,1,win,14.0,,,2.5,1.8,0.251,0.4367,1.31,0,-14.0,1,0,,,,,5,2.7,1.2,2.5,Paying,
morphettville-parks-2026-02-28,4,selection,"Andrew's Memory",6,2,place,6.0,,,5.0,1.3,0.557,0.5574,0.82,1,5.4,1,1,,,,,1,5.6,1.9,5.0,Paying,
morphettville-parks-2026-02-28,4,selection,Magarten,5,3,no_bet,0.0,,,4.5,2.17,0.474,0.4743,1.03,0,0.0,1,0,,,,,4,4.2,1.8,4.5,Paying,
morphettville-parks-2026-02-28,4,selection,"Imposing Suspect",3,4,no_bet,0.0,,,12.0,2.9,0.0874,0.2922,1.233,0,0.0,1,0,,,,,6,11.7,3.0,12.0,Paying,
morphettville-parks-2026-02-28,5,exotic,,,,,,"Trifecta Box",15.0,,,,,,0,-15.0,1,0,,,,,,,,,Paying,"[2, 1, 9, 5]"
morphettville-parks-2026-02-28,5,selection,"Big Brute",2,1,win,13.5,,,4.2,1.1,0.262,0.6185,1.39,0,-13.5,1,0,,,,,8,4.6,2.1,4.2,Paying,
morphettville-parks-2026-02-28,5,big3,"Big Brute",2,2,,,,,4.2,,,,,0,0.0,1,0,,,,,8,4.6,2.1,4.2,Paying,
morphettville-parks-2026-02-28,5,selection,"Autumn Frost",1,2,place,6.5,,,2.9,1.7,0.658,0.6577,1.33,1,3.25,1,1,,,,,2,2.9,1.5,2.9,Paying,
morphettville-parks-2026-02-28,5,selection,"Born To Shine",9,3,no_bet,0.0,,,31.0,15.4,0.134,0.1909,5.1,0,0.0,1,0,,,,,9,54.0,8.9,31.0,Paying,
morphettville-parks-2026-02-28,5,selection,Threatening,5,4,no_bet,0.0,,,18.0,2.8,0.0884,0.3896,1.754,0,0.0,1,0,,,,,4,22.1,3.3,18.0,Paying,
morphettville-parks-2026-02-28,6,exotic,,,,,,Exacta,15.0,,,,,,0,-15.0,1,0,,,,,,,,,Paying,"[4, 5]"
morphettville-parks-2026-02-28,6,selection,"Top Of The Ridge",5,1,win,16.5,,,10.0,4.4,0.185,0.3232,1.91,0,-16.5,1,0,,,,,6,10.2,2.7,10.0,Paying,
morphettville-parks-2026-02-28,6,selection,Scandalize,2,2,place,8.5,,,6.5,2.6,0.457,0.4569,0.82,0,-8.5,1,1,,,,,4,3.7,1.8,6.5,Paying,
morphettville-parks-2026-02-28,6,selection,Annihilate,3,3,no_bet,0.0,,,5.0,1.0,0.125,0.4116,0.51,1,0.0,1,0,,,,,1,3.8,1.7,5.0,Paying,
morphettville-parks-2026-02-28,6,selection,Talisay,4,4,no_bet,0.0,,,11.0,3.3,0.227,0.4032,1.978,0,0.0,1,0,,,,,3,10.4,2.4,11.0,Paying,
morphettville-parks-2026-02-28,7,exotic,,,,,,"Trifecta Standout",15.0,,,,,,0,-15.0,1,0,,,,,,,,,Paying,"[4, 6, 1]"
morphettville-parks-2026-02-28,7,selection,"Streetcar Apollo",4,1,win,15.0,,,2.5,3.4,0.266,0.4955,0.82,0,-15.0,1,0,,,,,3,2.6,1.9,2.5,Paying,
morphettville-parks-2026-02-28,7,selection,Watadeel,1,2,no_bet,0.0,,,5.0,6.3,0.331,0.3307,1.49,0,0.0,1,1,,,,,6,7.9,3.2,5.0,Paying,
morphettville-parks-2026-02-28,7,selection,Zebella,8,3,no_bet,0.0,,,7.0,3.8,0.069,0.2886,0.73,0,0.0,1,0,,,,,7,8.5,2.7,7.0,Paying,
morphettville-parks-2026-02-28,7,selection,Placo,6,4,no_bet,0.0,,,6.5,2.83,0.2567,0.2142,2.718,1,0.0,1,0,,,,,1,4.5,2.3,6.5,Paying,
morphettville-parks-2026-02-28,8,exotic,,,,,,"Trifecta Box",15.0,,,,,,0,-15.0,1,0,,,,,,,,,Paying,"[6, 9, 2, 3]"
morphettville-parks-2026-02-28,8,selection,Daisydoo,6,1,win,14.0,,,3.7,2.1,0.258,0.6052,0.96,0,-14.0,1,0,,,,,5,4.2,1.4,3.7,Paying,
morphettville-parks-2026-02-28,8,selection,Nextonixs,9,2,place,6.0,,,3.7,1.0,0.45,0.4504,1.07,1,4.8,1,1,,,,,1,4.0,1.8,3.7,Paying,
morphettville-parks-2026-02-28,8,selection,Mintulee,2,3,no_bet,0.0,,,7.5,2.4,0.131,0.3835,1.18,0,0.0,1,0,,,,,4,8.2,2.7,7.5,Paying,
morphettville-parks-2026-02-28,8,selection,"Been Our Angel",3,4,no_bet,0.0,,,9.5,9.5,0.0998,0.3141,1.097,0,0.0,1,0,,,,,7,9.7,3.1,9.5,Paying,
morphettville-parks-2026-02-28,9,exotic,,,,,,Quinella,15.0,,,,,,0,-15.0,1,0,,,,,,,,,Paying,"[8, 3]"
morphettville-parks-2026-02-28,9,selection,Effusiv,8,1,win,14.5,,,5.0,3.2,0.214,0.406,1.12,0,-14.5,1,0,,,,,11,3.8,1.8,5.0,Paying,
morphettville-parks-2026-02-28,9,selection,"Mercury Eight",3,2,place,5.5,,,6.5,2.6,0.357,0.3571,1.04,0,-5.5,1,0,,,,,9,8.1,2.7,6.5,Paying,
morphettville-parks-2026-02-28,9,selection,Sharendipity,5,3,no_bet,0.0,,,5.5,1.5,0.421,0.4214,0.71,0,0.0,1,1,,,,,7,5.7,2.0,5.5,Paying,
morphettville-parks-2026-02-28,9,selection,"Smashing Action",11,4,no_bet,0.0,,,19.0,5.3,0.0648,0.39,1.269,0,0.0,1,0,,,,,2,35.1,8.7,19.0,Paying,
morphettville-parks-2026-02-28,10,exotic,,,,,,Exacta,15.0,,,,,,0,-15.0,1,0,,,,,,,,,Paying,"[9, 8]"
morphettville-parks-2026-02-28,10,selection,Joviale,9,1,win,15.5,,,7.0,2.6,0.262,0.2882,1.6,0,-15.5,1,0,,,,,5,5.1,1.9,7.0,Paying,
morphettville-parks-2026-02-28,10,selection,"Katim's Club",3,2,place,9.5,,,6.5,1.7,0.531,0.5315,1.02,0,-9.5,1,1,,,,,11,5.2,2.3,6.5,Paying,
morphettville-parks-2026-02-28,10,big3,Joviale,9,3,,,,,7.0,,,,,0,0.0,1,0,,,,,5,5.1,1.9,7.0,Paying,
morphettville-parks-2026-02-28,10,selection,"France's Boy",8,3,no_bet,0.0,,,21.0,3.0,0.221,0.2209,0.75,0,0.0,1,0,,,,,8,18.6,5.2,21.0,Paying,
morphettville-parks-2026-02-28,10,selection,"Sir Randolph",6,4,no_bet,0.0,,,15.0,8.7,0.0446,0.1415,1.218,0,0.0,1,0,,,,,4,9.3,3.0,15.0,Paying,
newcastle-2026-02-28,,big3_multi,,,,,,,10.0,,,,,,0,-10.0,1,0,,,,,,,,,,
newcastle-2026-02-28,,sequence,,,,,,,57.6,,,,,,0,-57.6,1,0,quaddie,smart,"[[6, 1, 8, 4], [9, 6, 4, 1], [3, 2, 1], [5, 11, 9, 8]]",1,,,,,,
newcastle-2026-02-28,,sequence,,,,,,,57.6,,,,,,0,-57.6,1,0,quaddie,smart,"[[5, 11, 9, 8], [2, 1, 6], [15, 13, 18, 7], [12, 11, 4, 2]]",4,,,,,,
newcastle-2026-02-28,1,exotic,,,,,,Exacta,15.0,,,,,,0,-15.0,1,0,,,,,,,,,Paying,"[6, 5]"
newcastle-2026-02-28,1,selection,"Pomelo Chamomile",6,1,win,16.5,,,3.5,1.83,0.214,0.95,0.95,0,-16.5,1,0,,,,,4,3.3,1.5,3.35,Paying,
newcastle-2026-02-28,1,selection,Barracks,1,2,place,8.5,,,2.22,1.41,0.886,0.8856,1.07,1,6.8,1,1,,,,,2,3.8,1.8,3.55,Paying,
newcastle-2026-02-28,1,selection,"Montana Trail",5,3,no_bet,0.0,,,55.0,19.0,0.074,0.0745,1.21,0,0.0,1,0,,,,,5,144.4,16.8,210.0,Paying,
newcastle-2026-02-28,1,selection,Helldeeva,4,4,no_bet,0.0,,,8.6,3.53,0.1731,0.1536,1.878,0,0.0,1,0,,,,,6,12.1,2.5,15.0,Paying,
newcastle-2026-02-28,2,exotic,,,,,,"Exacta Standout",15.0,,,,,,0,-15.0,1,0,,,,,,,,,Paying,"[9, 6, 4, 10]"
newcastle-2026-02-28,2,big3,"Love You Anyway",9,1,,,,,4.8,,,,,0,0.0,1,0,,,,,2,5.7,1.8,5.2,Paying,
newcastle-2026-02-28,2,selection,"Love You Anyway",9,1,win,17.5,,,4.8,2.27,0.166,0.8015,1.72,0,-17.5,1,0,,,,,2,5.7,1.8,5.2,Paying,
newcastle-2026-02-28,2,selection,"Precious Girl",6,2,place,7.5,,,2.54,1.51,0.636,0.6356,0.88,1,1.5,1,0,,,,,1,2.1,1.2,2.56,Paying,
newcastle-2026-02-28,2,selection,"Milk Foam",4,3,no_bet,0.0,,,5.9,2.63,0.66,0.6602,1.6,0,0.0,1,1,,,,,8,6.8,2.3,8.0,Paying,
newcastle-2026-02-28,2,selection,"Power Hungry",10,4,no_bet,0.0,,,9.2,3.73,0.1196,0.3301,1.823,0,0.0,1,0,,,,,5,10.9,2.8,8.2,Paying,
newcastle-2026-02-28,3,exotic,,,,,,"Exacta Standout",15.0,,,,,,0,-15.0,1,0,,,,,,,,,Paying,"[3, 2, 1]"
newcastle-2026-02-28,3,selection,"Pour Benn",3,1,win,16.0,,,2.0,1.33,0.35,0.7653,0.81,0,-16.0,1,0,,,,,3,1.8,1.4,2.0,Paying,
newcastle-2026-02-28,3,selection,"Emerald Hills",2,2,place,9.0,,,4.0,2.0,0.576,0.5762,1.42,1,9.9,1,1,,,,,1,4.9,2.1,4.8,Paying,
newcastle-2026-02-28,3,selection,"The Confidante",1,3,no_bet,0.0,,,5.4,2.47,0.348,0.3485,1.06,0,0.0,1,0,,,,,4,7.8,3.5,11.0,Paying,
newcastle-2026-02-28,3,selection,"Valiant Dreamer",4,4,no_bet,0.0,,,16.0,6.0,0.0695,0.0586,1.449,0,0.0,1,0,,,,,,24.1,7.9,23.0,Paying,
newcastle-2026-02-28,4,exotic,,,,,,"Trifecta Standout",15.0,,,,,,0,-15.0,1,0,,,,,,,,,Paying,"[5, 9, 11]"
newcastle-2026-02-28,4,selection,Fabres,5,1,win,19.0,,,7.6,3.2,0.178,0.3771,1.56,0,-19.0,1,0,,,,,4,12.0,3.0,13.0,Paying,
newcastle-2026-02-28,4,selection,"Military Legend",11,2,place,6.0,,,4.8,2.27,0.409,0.4088,0.96,0,-6.0,1,1,,,,,6,7.5,2.3,7.0,Paying,
newcastle-2026-02-28,4,selection,"Czech Her Out",10,3,no_bet,0.0,,,21.0,7.67,0.173,0.1733,1.38,0,0.0,1,0,,,,,5,38.4,7.8,44.0,Paying,
newcastle-2026-02-28,4,selection,Riga,9,4,no_bet,0.0,,,8.0,3.33,0.1332,0.431,1.326,0,0.0,1,0,,,,,2,9.1,2.8,9.8,Paying,
newcastle-2026-02-28,5,exotic,,,,,,"Exacta Standout",15.0,,,,,,0,-15.0,1,0,,,,,,,,,Paying,"[2, 1, 6, 5]"
newcastle-2026-02-28,5,selection,"Cashaway Gold",2,1,win,14.5,,,2.78,1.59,0.409,0.6626,1.32,0,-14.5,1,0,,,,,9,4.5,1.6,5.3,Paying,
newcastle-2026-02-28,5,big3,"Cashaway Gold",2,2,,,,,2.78,,,,,0,0.0,1,0,,,,,9,4.5,1.6,5.3,Paying,
newcastle-2026-02-28,5,selection,"Shall Be",1,2,place,5.5,,,2.86,1.62,0.583,0.583,0.84,1,2.2,1,1,,,,,1,2.2,1.4,2.2,Paying,
newcastle-2026-02-28,5,selection,"Singing Star",6,3,no_bet,0.0,,,5.3,2.43,0.505,0.5055,1.09,0,0.0,1,0,,,,,5,7.1,2.0,7.0,Paying,
newcastle-2026-02-28,5,selection,"Girls Weekend",5,4,no_bet,0.0,,,15.0,5.67,0.197,0.1965,0.99,0,0.0,1,0,,,,,7,32.3,4.7,42.0,Paying,
newcastle-2026-02-28,5,selection,"Girls Weekend",5,4,no_bet,0.0,,,15.0,5.67,0.0516,0.1965,0.963,0,0.0,1,0,,,,,7,32.3,4.7,42.0,Paying,
newcastle-2026-02-28,6,exotic,,,,,,"Trifecta Box",15.0,,,,,,0,-15.0,1,0,,,,,,,,,Paying,"[18, 15, 13, 7]"
newcastle-2026-02-28,6,selection,"You're The Choice",15,1,win,15.0,,,5.5,2.9,0.17,0.4599,0.98,0,-15.0,1,0,,,,,5,5.7,1.7,5.5,Paying,
newcastle-2026-02-28,6,selection,"Via Flaminia",13,2,no_bet,0.0,,,3.95,1.98,0.386,0.3862,0.74,1,0.0,1,1,,,,,1,3.8,1.5,3.85,Paying,
newcastle-2026-02-28,6,selection,"Smoke On The Water",7,3,no_bet,0.0,,,9.0,3.67,0.204,0.2037,0.72,0,0.0,1,0,,,,,7,13.6,4.1,12.0,Paying,
newcastle-2026-02-28,6,selection,"Keep At 'em",18,4,no_bet,0.0,,,13.0,5.0,0.1949,0.277,2.365,0,0.0,1,0,,,,,3,16.7,3.5,13.0,Paying,
newcastle-2026-02-28,7,exotic,,,,,,Quinella,15.0,,,,,,0,-15.0,1,0,,,,,,,,,Paying,"[12, 11]"
newcastle-2026-02-28,7,selection,"Oakfield Jupiter",12,1,win,18.0,,,7.0,3.0,0.21,0.3599,1.74,0,-18.0,1,0,,,,,2,7.2,2.8,9.2,Paying,
newcastle-2026-02-28,7,selection,Wooloowin,11,2,place,7.0,,,5.8,2.6,0.439,0.4388,1.1,0,-7.0,1,1,,,,,8,7.3,2.5,7.0,Paying,
newcastle-2026-02-28,7,big3,"Oakfield Jupiter",12,3,,,,,7.0,,,,,0,0.0,1,0,,,,,2,7.2,2.8,9.2,Paying,
newcastle-2026-02-28,7,selection,Caltsar,7,3,no_bet,0.0,,,22.0,8.0,0.13,0.1304,1.01,0,0.0,1,0,,,,,6,52.6,10.0,30.0,Paying,
newcastle-2026-02-28,7,selection,Tasoraay,5,4,no_bet,0.0,,,14.0,5.33,0.0743,0.2619,1.329,0,0.0,1,0,,,,,9,12.6,3.3,15.5,Paying,
randwick-2026-02-28,,big3_multi,,,,,,,10.0,,,,,,0,-10.0,1,0,,,,,,,,,,
randwick-2026-02-28,,sequence,,,,,,,50.4,,,,,,0,-50.4,1,0,quaddie,smart,"[[4, 12, 6, 2], [6, 3, 4], [1, 4, 3], [1, 4, 5, 10]]",3,,,,,,
randwick-2026-02-28,,sequence,,,,,,,60.0,,,,,,0,-60.0,1,0,quaddie,smart,"[[1, 2, 3], [8, 2], [9, 6, 10, 11, 3], [12, 6, 5, 8, 3]]",7,,,,,,
randwick-2026-02-28,,sequence,,,,,,,59.52,,,,,,0,-59.52,1,0,big6,smart,"[[1, 4], [1, 4, 5], [1, 2], [8, 2], [9, 6, 10, 3], [12, 6]]",5,,,,,,
randwick-2026-02-28,1,exotic,,,,,,"Trifecta Box",15.0,,,,,,0,-15.0,1,0,,,,,,,,,Paying,"[3, 6, 8, 5]"
randwick-2026-02-28,1,selection,Zoutastic,3,1,no_bet,0.0,,,16.0,6.0,0.217,0.2164,1.15,0,0.0,1,0,,,,,10,12.6,4.1,15.0,Paying,
randwick-2026-02-28,1,selection,"Let's Go Again",6,2,win,15.0,,,5.5,4.0,0.12,0.3033,0.92,0,-15.0,1,0,,,,,11,8.6,2.5,5.5,Paying,
randwick-2026-02-28,1,selection,Flightcrew,5,3,no_bet,0.0,,,8.2,3.4,0.425,0.4239,1.28,0,0.0,1,1,,,,,6,8.5,2.2,9.2,Paying,
randwick-2026-02-28,1,selection,"Apache Breeze",8,4,no_bet,0.0,,,19.0,7.0,0.1159,0.2384,2.563,0,0.0,1,0,,,,,8,14.6,4.3,16.0,Paying,
randwick-2026-02-28,2,exotic,,,,,,First4,15.0,,,,,,0,-15.0,1,0,,,,,,,,,Paying,"[17, 3, 1, 10, 7]"
randwick-2026-02-28,2,selection,"Brave Xena",17,1,win,15.0,,,5.5,2.5,0.358,0.5225,2.39,1,48.0,1,1,,,,,1,4.2,1.8,4.9,Paying,
randwick-2026-02-28,2,big3,"Brave Xena",17,2,,,,,5.5,,,,,1,0.0,1,0,,,,,1,4.2,1.8,4.9,Paying,
randwick-2026-02-28,2,selection,Neil,3,2,no_bet,0.0,,,5.2,2.4,0.294,0.2934,0.68,0,0.0,1,0,,,,,2,4.6,1.9,4.5,Paying,
randwick-2026-02-28,2,selection,Ishikari,16,3,no_bet,0.0,,,22.0,8.0,0.119,0.1182,0.92,0,0.0,1,0,,,,,12,21.9,5.1,26.0,Paying,
randwick-2026-02-28,2,selection,"Sir Franklin",1,4,no_bet,0.0,,,19.0,7.0,0.0837,0.5086,1.418,0,0.0,1,0,,,,,4,11.0,3.0,15.0,Paying,
randwick-2026-02-28,3,exotic,,,,,,"Trifecta Box",15.0,,,,,,1,0.0,1,0,,,,,,,,,Paying,"[4, 12, 6, 2]"
randwick-2026-02-28,3,selection,"Bear On The Loose",4,1,win,15.0,,,2.96,1.65,0.253,0.6439,0.89,0,-15.0,1,0,,,,,2,3.0,1.5,3.45,Paying,
randwick-2026-02-28,3,selection,"Mr Monaco",6,2,no_bet,0.0,,,6.0,2.67,0.302,0.3027,0.73,1,0.0,1,1,,,,,1,6.8,2.3,6.4,Paying,
randwick-2026-02-28,3,selection,Unlimited,2,3,no_bet,0.0,,,11.0,4.33,0.277,0.2768,1.08,0,0.0,1,0,,,,,3,10.5,3.1,9.2,Paying,
randwick-2026-02-28,3,selection,Nkosi,12,4,no_bet,0.0,,,17.0,6.33,0.1492,0.1841,3.004,0,0.0,1,0,,,,,,13.8,4.9,11.0,Paying,
randwick-2026-02-28,4,exotic,,,,,,"Trifecta Box",15.0,,,,,,0,-15.0,1,0,,,,,,,,,Paying,"[6, 3, 4, 1]"
randwick-2026-02-28,4,selection,Pembrey,6,1,win,10.0,,,2.4,1.47,0.389,0.6623,0.96,0,-10.0,1,0,,,,,5,2.6,1.4,2.9,Paying,
randwick-2026-02-28,4,selection,"Ciaron's Star",4,2,place,10.0,,,7.5,2.8,0.468,0.4676,1.01,0,-10.0,1,1,,,,,6,6.5,1.9,7.5,Paying,
randwick-2026-02-28,4,selection,"By Choice",1,3,no_bet,0.0,,,8.8,3.6,0.325,0.3252,0.91,0,0.0,1,0,,,,,3,7.7,2.3,8.6,Paying,
randwick-2026-02-28,4,selection,Lumbini,3,4,no_bet,0.0,,,9.0,3.67,0.2154,0.4598,2.176,0,0.0,1,0,,,,,7,10.5,2.7,11.5,Paying,
randwick-2026-02-28,5,exotic,,,,,,"Exacta Standout",15.0,,,,,,0,-15.0,1,0,,,,,,,,,Paying,"[1, 4, 3, 2]"
randwick-2026-02-28,5,big3,Fireball,1,1,,,,,6.0,,,,,0,0.0,1,0,,,,,,5.5,1.4,5.9,Paying,
randwick-2026-02-28,5,selection,Fireball,1,1,win,17.5,,,6.0,2.67,0.378,0.799,2.77,0,-17.5,1,0,,,,,,5.5,1.4,5.9,Paying,
randwick-2026-02-28,5,selection,Warwoven,4,2,place,7.5,,,2.38,1.46,0.809,0.8184,1.03,0,-7.5,1,1,,,,,4,1.7,1.1,2.04,Paying,
randwick-2026-02-28,5,selection,"Star Of Jamaica",3,3,no_bet,0.0,,,14.5,5.5,0.28,0.2786,1.34,0,0.0,1,0,,,,,3,26.2,3.8,30.0,Paying,
randwick-2026-02-28,5,selection,Knightsbridge,2,4,no_bet,0.0,,,9.2,3.73,0.0469,0.1968,0.495,0,0.0,1,0,,,,,,12.2,2.8,12.5,Paying,
randwick-2026-02-28,6,exotic,,,,,,First4,15.0,,,,,,0,-15.0,1,0,,,,,,,,,Paying,"[1, 4, 5, 7, 10]"
randwick-2026-02-28,6,selection,Manaal,1,1,win,11.0,,,3.85,1.95,0.239,0.5417,1.03,0,-11.0,1,0,,,,,2,3.6,1.6,3.7,Paying,
randwick-2026-02-28,6,selection,"Verona Rose",4,2,saver_win,9.0,,,5.7,2.57,0.228,0.5085,1.46,1,37.8,1,0,,,,,1,5.2,1.9,5.9,Paying,
randwick-2026-02-28,6,selection,Gerringong,5,3,no_bet,0.0,,,5.0,2.33,0.485,0.4799,0.99,0,0.0,1,1,,,,,5,4.8,1.9,5.7,Paying,
randwick-2026-02-28,6,selection,"Jenni The Fox",7,4,no_bet,0.0,,,9.4,3.8,0.1045,0.3008,0.836,0,0.0,1,0,,,,,10,8.0,2.4,9.4,Paying,
randwick-2026-02-28,7,exotic,,,,,,"Trifecta Standout",15.0,,,,,,1,153.75,1,0,,,,,,,,,Paying,"[1, 3, 4]"
randwick-2026-02-28,7,selection,Tempted,1,1,place,10.0,,,1.61,1.2,0.938,0.9378,0.73,1,0.1,1,1,,,,,1,1.35,1.01,1.71,Paying,
randwick-2026-02-28,7,selection,Apocalyptic,2,2,win,10.0,,,5.7,2.57,0.163,0.6902,0.93,0,-10.0,1,0,,,,,4,6.1,1.3,6.0,Paying,
randwick-2026-02-28,7,selection,"Savvy Hallie",4,3,no_bet,0.0,,,14.0,5.33,0.379,0.3786,1.3,0,0.0,1,0,,,,,2,9.75,1.95,11.0,Paying,
randwick-2026-02-28,7,selection,"Ole Dancer",3,4,no_bet,0.0,,,11.5,4.5,0.146,0.4892,1.894,0,0.0,1,0,,,,,3,10.4,1.9,10.5,Paying,
randwick-2026-02-28,8,exotic,,,,,,Exacta,15.0,,,,,,0,-15.0,1,0,,,,,,,,,Paying,"[2, 8]"
randwick-2026-02-28,8,selection,"Autumn Glow",8,1,place,8.5,,,1.36,1.12,0.95,0.95,0.65,1,0.09,1,1,,,,,1,1.05,1.01,1.3,Paying,
randwick-2026-02-28,8,selection,"Sir Delius",2,2,saver_win,11.5,,,7.8,3.27,0.265,0.6333,1.99,0,-11.5,1,0,,,,,3,10.65,1.55,10.5,Paying,
randwick-2026-02-28,8,selection,Lindermann,3,3,no_bet,0.0,,,23.0,8.33,0.201,0.2008,1.02,0,0.0,1,0,,,,,9,27.5,3.5,32.0,Paying,
randwick-2026-02-28,8,selection,Ceolwulf,1,4,no_bet,0.0,,,16.0,6.0,0.067,0.3296,1.084,0,0.0,1,0,,,,,6,17.8,2.1,22.0,Paying,
randwick-2026-02-28,9,exotic,,,,,,"Trifecta Box",15.0,,,,,,0,-15.0,1,0,,,,,,,,,Paying,"[9, 6, 10, 3]"
randwick-2026-02-28,9,selection,Axius,9,1,win,13.5,,,4.7,2.23,0.204,0.4366,1.06,0,-13.5,1,0,,,,,3,2.55,1.3,4.9,Paying,
randwick-2026-02-28,9,selection,Enriched,10,2,place,6.5,,,6.2,2.73,0.479,0.4484,1.26,1,8.12,1,1,,,,,2,8.4,2.25,8.6,Paying,
randwick-2026-02-28,9,big3,Axius,9,3,,,,,4.7,,,,,0,0.0,1,0,,,,,3,2.55,1.3,4.9,Paying,
randwick-2026-02-28,9,selection,"Cool Jakey",11,3,no_bet,0.0,,,11.0,4.33,0.188,0.1902,0.78,0,0.0,1,0,,,,,5,18.35,5.5,19.0,Paying,
randwick-2026-02-28,9,selection,"Media World",6,4,no_bet,0.0,,,10.5,4.17,0.1582,0.3033,1.876,0,0.0,1,0,,,,,8,12.85,3.7,12.0,Paying,
randwick-2026-02-28,10,exotic,,,,,,"Trifecta Box",15.0,,,,,,0,-15.0,1,0,,,,,,,,,Paying,"[12, 6, 5, 8]"
randwick-2026-02-28,10,selection,"Mal Coupe",12,1,win,13.5,,,2.74,1.58,0.248,0.6244,0.97,1,29.02,1,0,,,,,1,3.15,1.55,3.3,Paying,
randwick-2026-02-28,10,selection,"Roselyn's Star",6,2,place,6.5,,,4.2,4.2,0.456,0.4575,1.54,1,1.95,1,1,,,,,3,3.35,1.3,4.2,Paying,
randwick-2026-02-28,10,selection,"Gatsby's",8,3,no_bet,0.0,,,8.5,4.6,0.262,0.2633,0.97,0,0.0,1,0,,,,,4,6.85,2.0,8.5,Paying,
randwick-2026-02-28,10,selection,Charcoals,5,4,no_bet,0.0,,,13.5,5.17,0.1467,0.2467,2.02,0,0.0,1,0,,,,,5,18.55,4.85,16.0,Paying,
toowoomba-2026-02-28,,big3_multi,,,,,,,10.0,,,,,,0,-10.0,1,0,,,,,,,,,,
toowoomba-2026-02-28,,sequence,,,,,,,60.0,,,,,,0,-60.0,1,0,quaddie,smart,"[[5, 1, 12, 6], [6, 1, 2, 3], [5, 6, 3, 2], [8, 9, 6]]",1,,,,,,
toowoomba-2026-02-28,,sequence,,,,,,,55.0,,,,,,,,0,0,quaddie,smart,"[[9, 5, 8, 6], [13, 1, 3, 5, 11], [6, 4, 5], [6, 1, 7]]",4,,,,,,
toowoomba-2026-02-28,1,exotic,,,,,,Quinella,15.0,,,,,,0,-15.0,1,0,,,,,,,,,Paying,"[5, 1]"
toowoomba-2026-02-28,1,big3,"Eleanor Nancy",5,1,,,,,2.94,,,,,0,0.0,1,0,,,,,,2.8,1.6,2.0,Paying,
toowoomba-2026-02-28,1,selection,"Eleanor Nancy",5,1,win,13.5,,,2.56,1.52,0.225,0.5566,0.84,0,-13.5,1,1,,,,,,2.8,1.6,2.0,Paying,
toowoomba-2026-02-28,1,selection,Malecon,1,2,saver_win,11.5,,,6.2,2.73,0.163,0.3279,1.63,0,-11.5,1,0,,,,,,5.3,1.6,2.66,Paying,
toowoomba-2026-02-28,1,selection,"Chance With Wolves",12,3,no_bet,0.0,,,8.4,3.47,0.173,0.1735,0.76,0,0.0,1,0,,,,,,,,8.4,Paying,
toowoomba-2026-02-28,1,selection,"Power Pack",3,4,no_bet,0.0,,,21.0,7.67,0.0648,0.1637,2.246,0,0.0,1,0,,,,,2,33.2,6.6,27.0,Paying,
toowoomba-2026-02-28,2,exotic,,,,,,"First4 Box",15.0,,,,,,0,-15.0,1,0,,,,,,,,,Paying,"[6, 1, 2, 3]"
toowoomba-2026-02-28,2,selection,Toroness,6,1,no_bet,0.0,,,3.4,1.8,0.178,0.5002,0.81,0,0.0,1,0,,,,,,3.6,1.6,4.0,Paying,
toowoomba-2026-02-28,2,selection,"Heroic Chief",1,2,saver_win,15.0,,,9.0,3.67,0.17,0.3303,1.54,0,-15.0,1,0,,,,,,8.4,2.2,11.0,Paying,
toowoomba-2026-02-28,2,selection,Snitzond,3,3,no_bet,0.0,,,3.5,1.83,0.501,0.5015,0.83,0,0.0,1,1,,,,,3,3.3,1.6,4.0,Paying,
toowoomba-2026-02-28,2,selection,"Butt Heads",2,4,no_bet,0.0,,,9.0,1.05,0.1605,0.5322,1.929,0,0.0,1,0,,,,,2,12.6,2.6,13.0,Paying,
toowoomba-2026-02-28,3,exotic,,,,,,Quinella,15.0,,,,,,0,-15.0,1,0,,,,,,,,,Paying,"[6, 2]"
toowoomba-2026-02-28,3,selection,"The Deputy",5,1,win,14.5,,,3.2,1.73,0.185,0.444,0.76,0,-14.5,1,0,,,,,3,3.2,1.9,3.65,Paying,
toowoomba-2026-02-28,3,selection,"That's An Extra",6,2,place,5.5,,,4.0,1.3,0.407,0.4072,1.0,0,-5.5,1,1,,,,,4,4.7,2.3,4.0,Paying,
toowoomba-2026-02-28,3,selection,"Big Boy George",3,3,no_bet,0.0,,,2.96,1.65,0.348,0.3484,1.12,0,0.0,1,0,,,,,,2.4,1.9,2.92,Paying,
toowoomba-2026-02-28,3,selection,"Drang A Tang",2,4,no_bet,0.0,,,11.0,4.33,0.1631,0.2142,1.911,1,0.0,1,0,,,,,1,18.9,4.2,21.0,Paying,
toowoomba-2026-02-28,4,exotic,,,,,,"Trifecta Box",15.0,,,,,,0,-15.0,1,0,,,,,,,,,Paying,"[8, 9, 6, 5]"
toowoomba-2026-02-28,4,selection,"Yeah Buddy",8,1,place,15.0,,,3.65,1.88,0.579,0.579,1.61,1,9.0,1,1,,,,,2,3.1,1.6,1.25,Paying,
toowoomba-2026-02-28,4,big3,"Yeah Buddy",8,2,,,,,3.5,,,,,0,0.0,1,0,,,,,2,3.1,1.6,1.25,Paying,
toowoomba-2026-02-28,4,selection,"The Grand Duchy",6,2,no_bet,0.0,,,5.0,2.33,0.188,0.188,0.67,0,0.0,1,0,,,,,,6.9,2.3,2.12,Paying,
toowoomba-2026-02-28,4,selection,"Spoilt Rotten",5,3,no_bet,0.0,,,7.8,3.27,0.206,0.2063,1.05,0,0.0,1,0,,,,,4,11.8,3.6,14.0,Paying,
toowoomba-2026-02-28,4,selection,Choceclair,9,4,no_bet,0.0,,,11.5,4.5,0.1449,0.3055,2.089,0,0.0,1,0,,,,,3,12.6,3.0,16.0,Paying,
toowoomba-2026-02-28,5,exotic,,,,,,"Trifecta Box",15.0,,,,,,0,-15.0,1,0,,,,,,,,,Paying,"[13, 5, 1, 3]"
toowoomba-2026-02-28,5,selection,"Papal Miss",13,1,win,18.0,,,9.2,3.73,0.15,0.2086,2.11,0,0.0,1,0,,,,,,,,9.2,Paying,
toowoomba-2026-02-28,5,selection,Okesutora,5,2,place,7.0,,,3.7,1.9,0.411,0.4113,0.93,0,-7.0,1,1,,,,,,6.5,3.1,6.0,Paying,
toowoomba-2026-02-28,5,selection,"Justice Served",1,3,no_bet,0.0,,,11.5,4.5,0.169,0.1688,0.74,0,0.0,1,0,,,,,,10.8,3.4,6.0,Paying,
toowoomba-2026-02-28,5,selection,Likeabeel,3,4,no_bet,0.0,,,17.0,6.33,0.1004,0.1907,2.375,0,0.0,1,0,,,,,,21.7,5.4,10.5,Paying,
toowoomba-2026-02-28,6,exotic,,,,,,"Trifecta Box",15.0,,,,,,0,-15.0,1,0,,,,,,,,,Paying,"[6, 5, 7, 4]"
toowoomba-2026-02-28,6,selection,"Silent Fox",6,1,win,11.0,,,2.42,1.47,0.286,0.6192,1.23,1,8.8,1,0,,,,,1,1.8,1.4,1.87,Paying,
toowoomba-2026-02-28,6,selection,"Prince Of Synergy",5,2,place,9.0,,,5.2,2.4,0.732,0.7315,1.3,1,14.4,1,1,,,,,3,5.4,2.6,7.4,Paying,
toowoomba-2026-02-28,6,big3,"Silent Fox",6,3,,,,,3.3,,,,,1,0.0,1,0,,,,,1,1.8,1.4,1.87,Paying,
toowoomba-2026-02-28,6,selection,Zouslayer,7,3,no_bet,0.0,,,4.5,2.17,0.347,0.3473,0.59,0,0.0,1,0,,,,,,10.9,5.5,14.5,Paying,
toowoomba-2026-02-28,6,selection,"Kids Inthe Kitchen",4,4,no_bet,0.0,,,15.5,5.83,0.1122,0.1069,1.422,0,0.0,1,0,,,,,4,13.5,5.1,16.0,Paying,
toowoomba-2026-02-28,7,exotic,,,,,,Quinella,15.0,,,,,,,,0,0,,,,,,,,,,"[4, 6, 7]"
toowoomba-2026-02-28,7,selection,Alzurri,7,1,no_bet,0.0,,,3.7,1.9,0.178,0.6055,0.84,,,0,0,,,,,,,,3.8,,
toowoomba-2026-02-28,7,selection,Pellinor,6,2,no_bet,0.0,,,7.0,3.0,0.153,0.1526,0.38,,,0,0,,,,,,,,7.0,,
toowoomba-2026-02-28,7,selection,"Proud Miss",4,3,place,15.0,,,3.4,1.8,0.725,0.7247,1.15,,,0,1,,,,,,,,3.75,,
toowoomba-2026-02-28,7,selection,"Argent Empyrean",1,4,no_bet,0.0,,,21.0,7.67,0.1008,0.3083,2.379,,,0,0,,,,,,,,36.0,,
wagga-2026-02-28,,big3_multi,,,,,,,10.0,,,,,,0,-10.0,1,0,,,,,,,,,,
wagga-2026-02-28,,sequence,,,,,,,40.0,,,,,,0,-40.0,1,0,quaddie,smart,"[[7, 1, 3], [7, 1, 2], [7, 6, 2], [9, 7, 8, 6]]",1,,,,,,
wagga-2026-02-28,,sequence,,,,,,,55.0,,,,,,0,-55.0,1,0,quaddie,smart,"[[9, 7, 8], [1, 5, 3], [6, 11, 5, 10], [14, 12, 7, 5]]",4,,,,,,
wagga-2026-02-28,1,exotic,,,,,,Exacta,15.0,,,,,,0,-15.0,1,0,,,,,,,,,Paying,"[3, 7]"
wagga-2026-02-28,1,selection,"Stern Reminder",1,1,no_bet,0.0,,,2.08,1.36,0.233,0.95,0.57,0,0.0,1,0,,,,,2,2.7,1.2,1.3,Paying,
wagga-2026-02-28,1,selection,"My Mate Elvis",3,2,place,15.0,,,3.1,1.7,0.701,0.7014,1.05,0,-15.0,1,1,,,,,7,2.8,1.4,1.27,Paying,
wagga-2026-02-28,1,selection,Bomerton,4,3,no_bet,0.0,,,4.0,2.0,0.473,0.4726,0.83,0,0.0,1,0,,,,,6,5.3,1.9,1.73,Paying,
wagga-2026-02-28,1,selection,"Iconic Rose",7,4,no_bet,0.0,,,9.2,3.73,0.1309,0.1377,1.849,1,0.0,1,0,,,,,1,9.0,1.7,10.5,Paying,
wagga-2026-02-28,2,exotic,,,,,,Exacta,15.0,,,,,,0,-15.0,1,0,,,,,,,,,Paying,"[7, 1]"
wagga-2026-02-28,2,big3,"Drama Dodger",7,1,,,,,2.56,,,,,1,0.0,1,0,,,,,1,2.8,1.5,3.3,Paying,
wagga-2026-02-28,2,selection,"Drama Dodger",7,1,no_bet,0.0,,,2.56,1.52,0.474,0.5659,1.39,1,0.0,1,1,,,,,1,2.8,1.5,3.3,Paying,
wagga-2026-02-28,2,selection,"Elastane Miss",2,2,place,15.0,,,3.2,1.73,0.471,0.4714,1.31,1,7.5,1,0,,,,,2,3.0,1.5,2.74,Paying,
wagga-2026-02-28,2,selection,Abstruse,1,3,no_bet,0.0,,,3.75,1.92,0.428,0.4275,1.32,0,0.0,1,0,,,,,3,5.7,2.0,5.0,Paying,
wagga-2026-02-28,2,selection,"Ta La Masca",8,4,no_bet,0.0,,,15.0,5.67,0.0738,0.2252,0.809,0,0.0,1,0,,,,,5,27.1,5.8,32.0,Paying,
wagga-2026-02-28,3,exotic,,,,,,"Trifecta Box",15.0,,,,,,0,-15.0,1,0,,,,,,,,,Paying,"[7, 6, 2, 8]"
wagga-2026-02-28,3,selection,"Rocco Lini",7,1,place,12.0,,,2.24,1.41,0.572,0.5722,1.05,1,16.8,1,1,,,,,1,1.7,2.4,2.12,Paying,
wagga-2026-02-28,3,selection,"Line Of Fire",2,2,no_bet,0.0,,,4.0,2.0,0.349,0.349,0.91,0,0.0,1,0,,,,,6,6.7,2.7,4.8,Paying,
wagga-2026-02-28,3,selection,Quamby,8,3,no_bet,0.0,,,6.4,2.8,0.342,0.3417,1.24,0,0.0,1,0,,,,,2,9.9,4.8,10.0,Paying,
wagga-2026-02-28,3,selection,Aristocrat,6,4,no_bet,0.0,,,6.2,2.73,0.195,0.2771,1.541,0,0.0,1,0,,,,,5,8.5,1.9,8.8,Paying,
wagga-2026-02-28,4,exotic,,,,,,"Trifecta Box",15.0,,,,,,0,-15.0,1,0,,,,,,,,,Paying,"[9, 6, 7, 10]"
wagga-2026-02-28,4,selection,"Brundee Tom",9,1,win,15.0,,,6.8,2.93,0.3,0.3882,2.51,0,-15.0,1,0,,,,,8,10.0,3.4,8.6,Paying,
wagga-2026-02-28,4,big3,"Brundee Tom",9,2,,,,,6.8,,,,,0,0.0,1,0,,,,,8,10.0,3.4,8.6,Paying,
wagga-2026-02-28,4,selection,"Snap Decision",6,2,no_bet,0.0,,,4.2,2.07,0.361,0.3614,0.79,0,0.0,1,1,,,,,6,5.1,2.1,2.5,Paying,
wagga-2026-02-28,4,selection,"The Favorite Son",8,3,no_bet,0.0,,,29.0,10.33,0.075,0.0755,0.82,0,0.0,1,0,,,,,9,77.7,11.5,40.0,Paying,
wagga-2026-02-28,4,selection,Sturty,7,4,no_bet,0.0,,,17.0,6.33,0.1002,0.1327,2.199,0,0.0,1,0,,,,,5,35.5,9.0,21.0,Paying,
wagga-2026-02-28,5,exotic,,,,,,"Exacta Standout",15.0,,,,,,0,-15.0,1,0,,,,,,,,,Paying,"[3, 7, 5, 1]"
wagga-2026-02-28,5,selection,"Central Otago",3,1,place,15.0,,,3.75,1.92,0.634,0.6338,1.58,0,-15.0,1,1,,,,,,3.9,1.6,3.7,Paying,
wagga-2026-02-28,5,selection,"Just Hear Me Out",7,2,no_bet,0.0,,,3.3,1.77,0.346,0.346,0.8,1,0.0,1,0,,,,,1,3.6,1.7,3.7,Paying,
wagga-2026-02-28,5,selection,"Ginno's Halo",1,3,no_bet,0.0,,,26.0,8.8,0.1,0.0996,1.14,0,0.0,1,0,,,,,,42.7,8.3,26.0,Paying,
wagga-2026-02-28,5,selection,"Fair Master",5,4,no_bet,0.0,,,14.0,5.33,0.0755,0.1893,1.596,0,0.0,1,0,,,,,3,18.6,3.5,17.5,Paying,
wagga-2026-02-28,6,exotic,,,,,,"Trifecta Standout",15.0,,,,,,0,-15.0,1,0,,,,,,,,,Paying,"[5, 6, 11]"
wagga-2026-02-28,6,selection,"Autumn Break",5,1,place,15.0,,,1.81,1.27,0.62,0.62,1.01,1,0.6,1,1,,,,,3,1.6,1.04,5.3,Paying,
wagga-2026-02-28,6,selection,"Bon Holler",10,2,no_bet,0.0,,,4.9,2.3,0.115,0.3158,0.76,0,0.0,1,0,,,,,2,6.6,1.9,3.7,Paying,
wagga-2026-02-28,6,selection,"Bonnie Murringo",11,3,no_bet,0.0,,,12.0,4.67,0.2,0.1999,1.2,0,0.0,1,0,,,,,4,14.1,3.2,11.5,Paying,
wagga-2026-02-28,6,selection,"Party Boss",6,4,no_bet,0.0,,,17.5,6.5,0.0912,0.1799,3.189,0,0.0,1,0,,,,,5,29.3,6.1,11.5,Paying,
wagga-2026-02-28,7,exotic,,,,,,"Trifecta Box",15.0,,,,,,0,-15.0,1,0,,,,,,,,,Paying,"[14, 12, 7, 5]"
wagga-2026-02-28,7,selection,"Dantains Prize",14,1,win,15.0,,,7.8,3.27,0.152,0.304,1.47,0,-15.0,1,0,,,,,,6.9,2.1,7.2,Paying,
wagga-2026-02-28,7,selection,Geostorm,7,2,no_bet,0.0,,,8.8,3.6,0.337,0.3373,1.26,0,0.0,1,1,,,,,,12.1,3.5,10.5,Paying,
wagga-2026-02-28,7,big3,"Dantains Prize",14,3,,,,,7.8,,,,,0,0.0,1,0,,,,,,6.9,2.1,7.2,Paying,
wagga-2026-02-28,7,selection,Gustav,5,3,no_bet,0.0,,,14.0,5.33,0.321,0.3206,1.77,0,0.0,1,0,,,,,,19.9,5.0,16.5,Paying,
wagga-2026-02-28,7,selection,Tillman,12,4,no_bet,0.0,,,11.0,4.33,0.1202,0.3744,2.233,0,0.0,1,0,,,,,3,28.4,5.9,21.0,Paying,
wangaratta-2026-02-28,,big3_multi,,,,,,,10.0,,,,,,0,-10.0,1,0,,,,,,,,,,
wangaratta-2026-02-28,,sequence,,,,,,,55.0,,,,,,0,-55.0,1,0,quaddie,smart,"[[9, 5, 1, 14], [4, 3, 7], [11, 5, 1, 9], [5, 6, 3]]",1,,,,,,
wangaratta-2026-02-28,,sequence,,,,,,,45.0,,,,,,0,-45.0,1,0,quaddie,smart,"[[3, 5, 9], [8, 10, 2, 9], [3, 4, 2, 13], [1, 2, 7]]",5,,,,,,
wangaratta-2026-02-28,,sequence,,,,,,,23.0,,,,,,0,-23.0,1,0,big6,smart,"[[11, 5, 1, 4], [5, 6], [3, 5], [8, 10], [3, 4], [1, 2]]",3,,,,,,
wangaratta-2026-02-28,1,exotic,,,,,,Exacta,15.0,,,,,,0,-15.0,1,0,,,,,,,,,Paying,"[9, 5]"
wangaratta-2026-02-28,1,big3,"Frosted Amber",9,1,,,,,5.4,,,,,0,0.0,1,0,,,,,3,9.4,2.1,11.0,Paying,
wangaratta-2026-02-28,1,selection,"Frosted Amber",9,1,win,15.0,,,5.4,2.47,0.225,0.909,1.66,0,-15.0,1,0,,,,,3,9.4,2.1,11.0,Paying,
wangaratta-2026-02-28,1,selection,Pillager,5,2,no_bet,0.0,,,34.0,12.0,0.134,0.3021,4.22,0,0.0,1,1,,,,,11,39.7,9.5,130.0,Paying,
wangaratta-2026-02-28,1,selection,"Bill Boulder",1,3,no_bet,0.0,,,44.0,15.33,0.133,0.2392,3.17,0,0.0,1,0,,,,,9,86.1,13.3,85.0,Paying,
wangaratta-2026-02-28,1,selection,Mukatila,15,4,no_bet,0.0,,,8.8,3.6,0.0812,0.0879,1.272,0,0.0,1,0,,,,,4,8.7,2.4,8.4,Paying,
wangaratta-2026-02-28,2,exotic,,,,,,"Trifecta Standout",15.0,,,,,,0,-15.0,1,0,,,,,,,,,Paying,"[7, 4, 3]"
wangaratta-2026-02-28,2,selection,"Kings Domain",7,1,win,15.0,,,2.02,1.34,0.192,0.95,0.47,0,-15.0,1,0,,,,,2,2.7,1.2,3.25,Paying,
wangaratta-2026-02-28,2,selection,"Speed Of Gold",4,2,no_bet,0.0,,,34.0,12.0,0.131,0.1783,2.18,0,0.0,1,0,,,,,9,105.9,13.8,200.0,Paying,
wangaratta-2026-02-28,2,selection,"So Vogue",3,3,no_bet,0.0,,,97.7,14.0,0.086,0.1631,3.67,0,0.0,1,0,,,,,5,7.3,1.7,97.7,Paying,
wangaratta-2026-02-28,2,selection,Kirkhoepasse,12,4,no_bet,0.0,,,3.65,1.88,0.1262,0.8844,0.49,0,0.0,1,1,,,,,3,3.3,1.3,2.88,Paying,
wangaratta-2026-02-28,3,exotic,,,,,,Exacta,15.0,,,,,,0,-15.0,1,0,,,,,,,,,Paying,"[11, 5]"
wangaratta-2026-02-28,3,selection,"The Cuban",11,1,win,18.0,,,7.4,3.13,0.203,0.508,1.73,0,-18.0,1,0,,,,,10,8.8,2.5,6.0,Paying,
wangaratta-2026-02-28,3,selection,"Got Out The Fence",1,2,place,7.0,,,2.4,1.47,0.553,0.5529,0.8,1,0.7,1,1,,,,,1,2.5,1.1,2.32,Paying,
wangaratta-2026-02-28,3,selection,"Read My Lips",5,3,no_bet,0.0,,,250.0,84.0,0.113,0.1503,4.45,0,0.0,1,0,,,,,9,93.5,16.4,100.0,Paying,
wangaratta-2026-02-28,3,selection,"Yaki Ishi",4,4,no_bet,0.0,,,12.0,4.67,0.0934,0.2322,2.693,0,0.0,1,0,,,,,13,27.6,7.1,28.0,Paying,
wangaratta-2026-02-28,4,exotic,,,,,,Exacta,15.0,,,,,,0,-15.0,1,0,,,,,,,,,Paying,"[5, 6]"
wangaratta-2026-02-28,4,selection,Allinthetiming,5,1,win,18.0,,,4.0,2.0,0.303,0.6782,1.28,0,-18.0,1,0,,,,,4,5.5,2.1,4.9,Paying,
wangaratta-2026-02-28,4,big3,Allinthetiming,5,2,,,,,4.0,,,,,0,0.0,1,0,,,,,4,5.5,2.1,4.9,Paying,
wangaratta-2026-02-28,4,selection,"Lethal Thoughts",3,2,place,7.0,,,6.8,2.93,0.379,0.3787,0.86,1,7.7,1,1,,,,,2,7.7,2.1,10.5,Paying,
wangaratta-2026-02-28,4,selection,"The Shaper",2,3,no_bet,0.0,,,8.8,3.6,0.117,0.2456,1.39,0,0.0,1,0,,,,,3,7.9,1.9,7.6,Paying,
wangaratta-2026-02-28,4,selection,Divazou,6,4,no_bet,0.0,,,8.2,3.4,0.1639,0.3104,1.797,0,0.0,1,0,,,,,,7.7,2.9,8.0,Paying,
wangaratta-2026-02-28,5,exotic,,,,,,"Trifecta Standout",15.0,,,,,,0,-15.0,1,0,,,,,,,,,Paying,"[3, 5, 9]"
wangaratta-2026-02-28,5,selection,"Sir Atlas",3,1,win,12.5,,,2.14,1.38,0.312,0.6722,0.81,1,12.5,1,0,,,,,1,2.0,1.4,2.52,Paying,
wangaratta-2026-02-28,5,selection,"His Finest Hour",5,2,place,7.5,,,3.95,1.98,0.613,0.6129,1.11,0,-7.5,1,1,,,,,5,4.0,1.4,3.6,Paying,
wangaratta-2026-02-28,5,selection,"Fox Appeal",4,3,no_bet,0.0,,,16.0,6.0,0.07,0.2487,1.23,0,0.0,1,0,,,,,4,13.0,2.7,15.0,Paying,
wangaratta-2026-02-28,5,selection,Hellberg,9,4,no_bet,0.0,,,16.0,6.0,0.11,0.1909,1.561,0,0.0,1,0,,,,,10,21.9,4.6,25.0,Paying,
wangaratta-2026-02-28,6,exotic,,,,,,"Exacta Standout",15.0,,,,,,0,-15.0,1,0,,,,,,,,,Paying,"[8, 9, 10, 2]"
wangaratta-2026-02-28,6,selection,"Make It Sweet",8,1,win,18.0,,,4.8,2.27,0.189,0.5169,1.27,0,-18.0,1,0,,,,,4,4.3,1.9,4.8,Paying,
wangaratta-2026-02-28,6,selection,"New York Hurricane",9,2,place,7.0,,,7.0,3.0,0.351,0.3509,1.02,1,7.7,1,1,,,,,1,6.4,2.1,8.0,Paying,
wangaratta-2026-02-28,6,big3,"Make It Sweet",8,3,,,,,4.8,,,,,0,0.0,1,0,,,,,4,4.3,1.9,4.8,Paying,
wangaratta-2026-02-28,6,selection,Slane,10,3,no_bet,0.0,,,14.5,5.5,0.101,0.2677,1.43,0,0.0,1,0,,,,,8,20.2,4.1,21.0,Paying,
wangaratta-2026-02-28,6,selection,Shaiyhar,2,4,no_bet,0.0,,,17.0,6.33,0.0726,0.1444,1.192,0,0.0,1,0,,,,,10,55.7,8.1,50.0,Paying,
wangaratta-2026-02-28,7,exotic,,,,,,Exacta,15.0,,,,,,0,-15.0,1,0,,,,,,,,,Paying,"[3, 4]"
wangaratta-2026-02-28,7,selection,"Morthan Efficient",4,1,no_bet,0.0,,,10.5,4.17,0.132,0.2121,0.77,0,0.0,1,1,,,,,3,9.8,2.5,11.0,Paying,
wangaratta-2026-02-28,7,selection,Flashlight,1,2,win,15.0,,,6.8,2.93,0.114,0.5779,0.83,0,-15.0,1,0,,,,,5,5.2,1.8,5.3,Paying,
wangaratta-2026-02-28,7,selection,"Lika Wreckin' Ball",2,3,no_bet,0.0,,,5.8,1.0,0.101,0.1934,0.76,0,0.0,1,0,,,,,9,19.3,4.1,5.8,Paying,
wangaratta-2026-02-28,7,selection,Luckett,3,4,no_bet,0.0,,,8.8,3.6,0.2327,0.4357,1.417,0,0.0,1,0,,,,,7,8.9,2.3,9.4,Paying,
wangaratta-2026-02-28,8,exotic,,,,,,"Trifecta Standout",15.0,,,,,,0,-15.0,1,0,,,,,,,,,Paying,"[1, 2, 7]"
wangaratta-2026-02-28,8,selection,"Greatham Boy",1,1,win,19.0,,,3.95,1.98,0.318,0.6318,0.74,1,41.8,1,0,,,,,1,3.2,1.5,4.2,Paying,
wangaratta-2026-02-28,8,selection,Zemgrinda,2,2,place,6.0,,,3.4,1.8,0.434,0.4339,0.59,0,-6.0,1,1,,,,,8,3.4,1.5,3.55,Paying,
wangaratta-2026-02-28,8,selection,Turnaquid,10,3,no_bet,0.0,,,38.1,16.0,0.076,0.1917,2.33,0,0.0,1,0,,,,,3,6.5,1.8,8.8,Paying,
wangaratta-2026-02-28,8,selection,Tatsu,7,4,no_bet,0.0,,,12.5,4.83,0.1099,0.6023,1.978,0,0.0,1,0,,,,,2,18.8,3.6,18.0,Paying,
